-- MySQL dump 10.13  Distrib 5.6.26, for Win64 (x86_64)
--
-- Host: localhost    Database: webdb
-- ------------------------------------------------------
-- Server version	5.6.26-log

/*!40101 SET @OLD_CHARACTER_SET_CLIENT=@@CHARACTER_SET_CLIENT */;
/*!40101 SET @OLD_CHARACTER_SET_RESULTS=@@CHARACTER_SET_RESULTS */;
/*!40101 SET @OLD_COLLATION_CONNECTION=@@COLLATION_CONNECTION */;
/*!40101 SET NAMES utf8 */;
/*!40103 SET @OLD_TIME_ZONE=@@TIME_ZONE */;
/*!40103 SET TIME_ZONE='+00:00' */;
/*!40014 SET @OLD_UNIQUE_CHECKS=@@UNIQUE_CHECKS, UNIQUE_CHECKS=0 */;
/*!40014 SET @OLD_FOREIGN_KEY_CHECKS=@@FOREIGN_KEY_CHECKS, FOREIGN_KEY_CHECKS=0 */;
/*!40101 SET @OLD_SQL_MODE=@@SQL_MODE, SQL_MODE='NO_AUTO_VALUE_ON_ZERO' */;
/*!40111 SET @OLD_SQL_NOTES=@@SQL_NOTES, SQL_NOTES=0 */;

--
-- Table structure for table `basket`
--

DROP TABLE IF EXISTS `basket`;
/*!40101 SET @saved_cs_client     = @@character_set_client */;
/*!40101 SET character_set_client = utf8 */;
CREATE TABLE `basket` (
  `id` varchar(12) NOT NULL,
  `store` varchar(30) NOT NULL,
  `content` varchar(30) NOT NULL,
  `seqNo` int(8) NOT NULL AUTO_INCREMENT,
  KEY `Index_1` (`seqNo`)
) ENGINE=InnoDB AUTO_INCREMENT=17 DEFAULT CHARSET=utf8;
/*!40101 SET character_set_client = @saved_cs_client */;

--
-- Dumping data for table `basket`
--

LOCK TABLES `basket` WRITE;
/*!40000 ALTER TABLE `basket` DISABLE KEYS */;
INSERT INTO `basket` VALUES ('mtjdwns','신동','연어 사시미(신)',1),('mtjdwns','울엄마 손칼국시','왕만두',2),('mtjdwns','울엄마 손칼국시','왕만두',3),('mtjdwns','울엄마 손칼국시','왕만두',4),('ye','산바쿠 돈부리','연어 사시미(산)',7),('ye','산바쿠 돈부리','음료수(산)',8),('ye','산바쿠 돈부리','음료수(산)',9),('ye','산바쿠 돈부리','음료수(산)',10),('ye','울엄마 손칼국시','왕만두',11),('ye','산바쿠 돈부리','음료수(산)',12),('ye','산바쿠 돈부리','연어 사시미(산)',14),('ye','산바쿠 돈부리','음료수(산)',15),('ye','산바쿠 돈부리','연어 사시미(산)',16);
/*!40000 ALTER TABLE `basket` ENABLE KEYS */;
UNLOCK TABLES;

--
-- Table structure for table `bbs`
--

DROP TABLE IF EXISTS `bbs`;
/*!40101 SET @saved_cs_client     = @@character_set_client */;
/*!40101 SET character_set_client = utf8 */;
CREATE TABLE `bbs` (
  `seqno` int(8) NOT NULL AUTO_INCREMENT,
  `title` varchar(50) NOT NULL,
  `content` varchar(500) NOT NULL,
  `writer` varchar(20) NOT NULL,
  `type` varchar(45) NOT NULL,
  PRIMARY KEY (`seqno`),
  KEY `writer_idx` (`writer`)
) ENGINE=InnoDB AUTO_INCREMENT=17 DEFAULT CHARSET=utf8;
/*!40101 SET character_set_client = @saved_cs_client */;

--
-- Dumping data for table `bbs`
--

LOCK TABLES `bbs` WRITE;
/*!40000 ALTER TABLE `bbs` DISABLE KEYS */;
INSERT INTO `bbs` VALUES (1,'게시판 오픈!','많이 이용해주세요~','spider','동아리'),(2,'1등이다!','1등이다','batman','생활정보'),(3,'2등이다!','2등이다','rose','자취방'),(4,'축하합니다.!','드디어 오픈하셨군요. 3등~','spider','중고책'),(5,'4등!!!','인터넷 구매는 어디서 하나요?','jb007','기타'),(6,'5등!','이 다음은 순위권 밖!!','kirk','동아리'),(7,'6등!!!','앗! 언제 오픈한 건가요?','shadow','생활정보'),(8,'6등~~','6등~~~~~~~~~~ 아닌가??','colonel','자취방'),(9,'등수놀이 좀 그만합시다.','***8등*** (-_-)','woods','중고책'),(10,'9등','^.^','apache','기타'),(11,'10등 -----------절취선------------','10등','amadeus','동아리'),(12,'~~~11등~~~ v(^0^)v','o(*^-^*)o','jj8539','생활정보'),(13,'(/^o^)/','야호~~','neptune','자취방'),(14,'sfsa','asgasg','yun1996','동아리'),(15,'sdg','dsgsdg','yun1996','동아리'),(16,'dh','djdj','ye','동아리');
/*!40000 ALTER TABLE `bbs` ENABLE KEYS */;
UNLOCK TABLES;

--
-- Table structure for table `class`
--

DROP TABLE IF EXISTS `class`;
/*!40101 SET @saved_cs_client     = @@character_set_client */;
/*!40101 SET character_set_client = utf8 */;
CREATE TABLE `class` (
  `faculty` varchar(20) NOT NULL,
  `grade` varchar(5) DEFAULT NULL,
  `type` varchar(45) NOT NULL,
  `professor` varchar(20) NOT NULL,
  `lecture` varchar(45) NOT NULL,
  `seqNo` int(8) NOT NULL,
  `title` varchar(50) NOT NULL,
  `content` varchar(500) NOT NULL,
  `writer` varchar(20) NOT NULL,
  `time` varchar(50) NOT NULL,
  PRIMARY KEY (`seqNo`)
) ENGINE=InnoDB DEFAULT CHARSET=utf8;
/*!40101 SET character_set_client = @saved_cs_client */;

--
-- Dumping data for table `class`
--

LOCK TABLES `class` WRITE;
/*!40000 ALTER TABLE `class` DISABLE KEYS */;
INSERT INTO `class` VALUES ('컴퓨터정보공학부','2학년','전선1','노상욱','인공지능프로그래밍설계',1,'낼시험','낼시험ㅎㅎㅎㅎㅎㅎㅎㅎㅎ','skarb456','화7~8(D303), 목7~8(D404)'),('컴퓨터정보공학부','3','전선1','오재원','객체지향패러다임',2,'동해물과','백두산이','yerin4025','월7(N103), 수6~7(N103)'),('컴퓨터정보공학부','3','전선1','오재원','객체지향패러다임',3,'마르고','닳도록','yerin4025','월7(N103), 수6~7(N103)'),('컴퓨터정보공학부','3','전선1','오재원','객체지향패러다임',4,'하느님이','보우하사','yerin4025','월7(N103), 수6~7(N103)'),('컴퓨터정보공학부','3','전선1','오재원','객체지향패러다임',5,'우리','나라','yerin4025','월7(N103), 수6~7(N103)'),('컴퓨터정보공학부','3','전선1','오재원','객체지향패러다임',6,'만세','무궁화','yerin4025','월7(N103), 수6~7(N103)'),('컴퓨터정보공학부','3','전선1','오재원','객체지향패러다임',7,'삼천리','화려강산','yerin4025','월7(N103), 수6~7(N103)'),('컴퓨터정보공학부','3','전선1','오재원','객체지향패러다임',8,'대한','사람','yerin4025','월7(N103), 수6~7(N103)'),('컴퓨터정보공학부','3','전선1','오재원','객체지향패러다임',9,'대한','으로','yerin4025','월7(N103), 수6~7(N103)'),('컴퓨터정보공학부','3','전선1','오재원','객체지향패러다임',10,'길이','보전하세','yerin4025','월7(N103), 수6~7(N103)'),('컴퓨터정보공학부','3','전선1','오재원','객체지향패러다임',11,'남산','위의','yerin4025','월7(N103), 수6~7(N103)'),('컴퓨터정보공학부','3','전선1','오재원','객체지향패러다임',12,'저','소나무','skarb456','월7(N103), 수6~7(N103)'),('컴퓨터정보공학부','3','전선1','오재원','객체지향패러다임',13,'아','에','skarb456','월7(N103), 수6~7(N103)'),('컴퓨터정보공학부','3','전선1','오재원','객체지향패러다임',14,'이','오','skarb456','월7(N103), 수6~7(N103)'),('컴퓨터정보공학부','3','전선1','박경모','운영체제',15,'12','23','skarb456','월8(M211), 금5~6(M211) ');
/*!40000 ALTER TABLE `class` ENABLE KEYS */;
UNLOCK TABLES;

--
-- Table structure for table `clientinfo`
--

DROP TABLE IF EXISTS `clientinfo`;
/*!40101 SET @saved_cs_client     = @@character_set_client */;
/*!40101 SET character_set_client = utf8 */;
CREATE TABLE `clientinfo` (
  `id` varchar(12) NOT NULL,
  `passwd` varchar(10) NOT NULL,
  `name` varchar(15) NOT NULL,
  `sNum` varchar(10) NOT NULL,
  `mileage` varchar(45) DEFAULT '0',
  PRIMARY KEY (`id`)
) ENGINE=InnoDB DEFAULT CHARSET=utf8;
/*!40101 SET character_set_client = @saved_cs_client */;

--
-- Dumping data for table `clientinfo`
--

LOCK TABLES `clientinfo` WRITE;
/*!40000 ALTER TABLE `clientinfo` DISABLE KEYS */;
INSERT INTO `clientinfo` VALUES ('mtjdwns','1234','문성준','201021551','2400'),('skarb456','skarb356','강남규','201620005','0'),('ye','123','왕예린','201521552','1000'),('yerin1991','q1w2e3r4t5','왕예린','201521551','0'),('yerin4025','a123456789','왕예린','201520828','0'),('yun1996','q1w2e3r4','윤은지','201522412','0');
/*!40000 ALTER TABLE `clientinfo` ENABLE KEYS */;
UNLOCK TABLES;

--
-- Table structure for table `goodsinfo`
--

DROP TABLE IF EXISTS `goodsinfo`;
/*!40101 SET @saved_cs_client     = @@character_set_client */;
/*!40101 SET character_set_client = utf8 */;
CREATE TABLE `goodsinfo` (
  `name` varchar(45) NOT NULL,
  `content` varchar(45) NOT NULL,
  `price` int(10) unsigned NOT NULL DEFAULT '0',
  `extraCount` int(10) unsigned DEFAULT '0',
  PRIMARY KEY (`name`,`content`)
) ENGINE=InnoDB DEFAULT CHARSET=utf8;
/*!40101 SET character_set_client = @saved_cs_client */;

--
-- Dumping data for table `goodsinfo`
--

LOCK TABLES `goodsinfo` WRITE;
/*!40000 ALTER TABLE `goodsinfo` DISABLE KEYS */;
INSERT INTO `goodsinfo` VALUES ('디델리','10% 할인',1000,0),('디델리','음료수(디)',1000,1),('산바쿠 돈부리 ','고로케',1500,99),('산바쿠 돈부리','연어 사시미(산)',2000,97),('산바쿠 돈부리','음료수(산)',1000,95),('신동','가라아게',1700,100),('신동','연어 사시미(신)',2000,96),('울엄마 손칼국시 ','곱빼기',1200,100),('울엄마 손칼국시','왕만두',1600,91);
/*!40000 ALTER TABLE `goodsinfo` ENABLE KEYS */;
UNLOCK TABLES;

--
-- Table structure for table `lectureinfo`
--

DROP TABLE IF EXISTS `lectureinfo`;
/*!40101 SET @saved_cs_client     = @@character_set_client */;
/*!40101 SET character_set_client = utf8 */;
CREATE TABLE `lectureinfo` (
  `lectureName` varchar(60) NOT NULL,
  `lectureType` varchar(10) NOT NULL,
  `major` varchar(20) NOT NULL,
  `grade` varchar(10) NOT NULL DEFAULT '전학년',
  `teacherName` varchar(20) NOT NULL,
  `lectureTime` varchar(60) NOT NULL,
  `seqNo` int(10) unsigned NOT NULL,
  PRIMARY KEY (`seqNo`) USING BTREE
) ENGINE=InnoDB DEFAULT CHARSET=utf8;
/*!40101 SET character_set_client = @saved_cs_client */;

--
-- Dumping data for table `lectureinfo`
--

LOCK TABLES `lectureinfo` WRITE;
/*!40000 ALTER TABLE `lectureinfo` DISABLE KEYS */;
INSERT INTO `lectureinfo` VALUES ('20세기패션아이콘','중핵교양필수','의류학전공','전학년','조정미','화6(N307), 목5~6(N307)\r',1),('3D애니메이션1','제1전공선택','미디어기술콘텐츠학과','3학년','오원석','수7~9(D411)\r',2),('3D프린터활용창업실습1','자유선택교양','창업지원팀','1학년','이재영','화2~3(M306)\r',3),('Advanced Seminar in Global Korean Studies','제1전공선택','글로벌한국학융복합전공','4학년','노은영','수7~9(IH260)\r',4),('Computer Aided Design','제1전공선택','소비자주거학전공','2학년','임선정','금2~5(D341)\r',5),('Computer Aided Design','제1전공선택','소비자주거학전공','2학년','최은희','목6~9(D341)\r',6),('CSI영화를통해본과학-사회적쟁점','중핵교양필수','학부대학','전학년','최선경, 방담이','월7(M301), 수6~7(M301)\r',7),('e-비즈니스창업','자유선택교양','창업지원팀','전학년','이재영','목7~8(V111)\r',8),('e-비지니스개론','제1전공선택','경영학전공','3학년','이홍주','화7~8(N317), 목7(N317)\r',9),('GEO1 ','기초교양필수','국제언어교육원','1학년','니콜라스 요한','수2~3(IH249)\r',10),('GEO1 ','기초교양필수','국제언어교육원','1학년','니콜라스 요한','수4~5(IH249)\r',11),('GEO1 ','기초교양필수','국제언어교육원','1학년','니콜라스 요한','화2~3(IH249)\r',12),('GEO1 ','기초교양필수','국제언어교육원','1학년','니콜라스 요한','화7~8(IH249)\r',13),('GEO1 ','기초교양필수','국제언어교육원','1학년','니콜라스르럭스','금1~2(IH242)\r',14),('GEO1 ','기초교양필수','국제언어교육원','1학년','니콜라스르럭스','목1~2(IH242)\r',15),('GEO1 ','기초교양필수','국제언어교육원','1학년','니콜라스르럭스','수2~3(IH242)\r',16),('GEO1 ','기초교양필수','국제언어교육원','1학년','니콜라스르럭스','수4~5(IH242)\r',17),('GEO1 ','기초교양필수','국제언어교육원','1학년','니콜라스르럭스','월2~3(IH242)\r',18),('GEO1 ','기초교양필수','국제언어교육원','1학년','니콜라스르럭스','화2~3(IH242)\r',19),('GEO1 ','기초교양필수','국제언어교육원','1학년','니콜라스르럭스','화7~8(IH242)\r',20),('GEO1 ','기초교양필수','국제언어교육원','1학년','박지영','금1~2(IH243)\r',21),('GEO1 ','기초교양필수','국제언어교육원','1학년','박지영','금5~6(IH243)\r',22),('GEO1 ','기초교양필수','국제언어교육원','1학년','박지영','목1~2(IH243)\r',23),('GEO1 ','기초교양필수','국제언어교육원','1학년','박지영','수4~5(IH243)\r',24),('GEO1 ','기초교양필수','국제언어교육원','1학년','박지영','수8~9(IH243)\r',25),('GEO1 ','기초교양필수','국제언어교육원','1학년','박지영','화2~3(IH243)\r',26),('GEO1 ','기초교양필수','국제언어교육원','1학년','박지영','화7~8(IH243)\r',27),('GEO1 ','기초교양필수','국제언어교육원','1학년','안토니오 코벨로','금1~2(IH248)\r',28),('GEO1 ','기초교양필수','국제언어교육원','1학년','안토니오 코벨로','금5~6(IH248)\r',29),('GEO1 ','기초교양필수','국제언어교육원','1학년','안토니오 코벨로','목1~2(IH248)\r',30),('GEO1 ','기초교양필수','국제언어교육원','1학년','안토니오 코벨로','수2~3(IH248)\r',31),('GEO1 ','기초교양필수','국제언어교육원','1학년','안토니오 코벨로','수4~5(IH248)\r',32),('GEO1 ','기초교양필수','국제언어교육원','1학년','안토니오 코벨로','월2~3(IH248)\r',33),('GEO1 ','기초교양필수','국제언어교육원','1학년','안토니오 코벨로','화2~3(IH248)\r',34),('GEO1 ','기초교양필수','국제언어교육원','1학년','안토니오 코벨로','화7~8(IH248)\r',35),('GEO1 ','기초교양필수','국제언어교육원','1학년','요한라이너스','금1~2(IH246)\r',36),('GEO1 ','기초교양필수','국제언어교육원','1학년','요한라이너스','금5~6(IH246)\r',37),('GEO1 ','기초교양필수','국제언어교육원','1학년','요한라이너스','목10~11(IH246)\r',38),('GEO1 ','기초교양필수','국제언어교육원','1학년','요한라이너스','목1~2(IH246)\r',39),('GEO1 ','기초교양필수','국제언어교육원','1학년','요한라이너스','월2~3(IH246)\r',40),('GEO1 ','기초교양필수','국제언어교육원','1학년','요한라이너스','월4~5(IH246)\r',41),('GEO1 ','기초교양필수','국제언어교육원','1학년','요한라이너스','화2~3(IH246)\r',42),('GEO1 ','기초교양필수','국제언어교육원','1학년','요한라이너스','화7~8(IH246)\r',43),('GEO1 ','기초교양필수','국제언어교육원','1학년','코넬리스 비사지예','금1~2(IH254)\r',44),('GEO1 ','기초교양필수','국제언어교육원','1학년','코넬리스 비사지예','금5~6(IH254)\r',45),('GEO1 ','기초교양필수','국제언어교육원','1학년','코넬리스 비사지예','목1~2(IH254)\r',46),('GEO1 ','기초교양필수','국제언어교육원','1학년','코넬리스 비사지예','수8~9(IH254)\r',47),('GEO1 ','기초교양필수','국제언어교육원','1학년','코넬리스 비사지예','화2~3(IH254)\r',48),('GEO1 ','기초교양필수','국제언어교육원','1학년','코넬리스 비사지예','화7~8(IH254)\r',49),('GEO1 ','기초교양필수','국제언어교육원','1학년','코리엔르럭스','목1~2(IH244)\r',50),('GEO1 ','기초교양필수','국제언어교육원','1학년','코리엔르럭스','수2~3(IH244)\r',51),('GEO1 ','기초교양필수','국제언어교육원','1학년','코리엔르럭스','수4~5(IH244)\r',52),('GEO1 ','기초교양필수','국제언어교육원','1학년','코리엔르럭스','수8~9(IH244)\r',53),('GEO1 ','기초교양필수','국제언어교육원','1학년','코리엔르럭스','월2~3(IH244)\r',54),('GEO1 ','기초교양필수','국제언어교육원','1학년','코리엔르럭스','화2~3(IH244)\r',55),('GEO1 ','기초교양필수','국제언어교육원','1학년','코리엔르럭스','화7~8(IH244)\r',56),('GEO1 ','기초교양필수','국제언어교육원','1학년','패트릭내이','금1~2(IH257)\r',57),('GEO1 ','기초교양필수','국제언어교육원','1학년','패트릭내이','금5~6(IH257)\r',58),('GEO1 ','기초교양필수','국제언어교육원','1학년','패트릭내이','수2~3(IH257)\r',59),('GEO1 ','기초교양필수','국제언어교육원','1학년','패트릭내이','수4~5(IH257)\r',60),('GEO1 ','기초교양필수','국제언어교육원','1학년','패트릭내이','수8~9(IH257)\r',61),('GEO1 ','기초교양필수','국제언어교육원','1학년','패트릭내이','월2~3(IH257)\r',62),('GEO1 ','기초교양필수','국제언어교육원','1학년','패트릭내이','월4~5(IH257)\r',63),('GEO1 ','기초교양필수','국제언어교육원','1학년','피터 젠킨스','금1~2(IH256)\r',64),('GEO1 ','기초교양필수','국제언어교육원','1학년','피터 젠킨스','금5~6(IH256)\r',65),('GEO1 ','기초교양필수','국제언어교육원','1학년','피터 젠킨스','목10~11(IH256)\r',66),('GEO1 ','기초교양필수','국제언어교육원','1학년','피터 젠킨스','목1~2(IH256)\r',67),('GEO1 ','기초교양필수','국제언어교육원','1학년','피터 젠킨스','수2~3(IH256)\r',68),('GEO1 ','기초교양필수','국제언어교육원','1학년','피터 젠킨스','수4~5(IH256)\r',69),('GEO1 ','기초교양필수','국제언어교육원','1학년','피터 젠킨스','수8~9(IH256)\r',70),('GEO1 ','기초교양필수','국제언어교육원','1학년','피터 젠킨스','화2~3(IH256)\r',71),('GEO1 ','기초교양필수','국제언어교육원','1학년','피터 젠킨스','화7~8(IH256)\r',72),('GEO2','기초교양필수','국제언어교육원','1학년','니콜라스 요한','금1~2(IH249)\r',73),('GEO2','기초교양필수','국제언어교육원','1학년','니콜라스 요한','목10~11(IH249)\r',74),('GEO2','기초교양필수','국제언어교육원','1학년','니콜라스 요한','월2~3(IH249)\r',75),('GEO2','기초교양필수','국제언어교육원','1학년','니콜라스 요한','월4~5(IH249)\r',76),('GEO2','기초교양필수','국제언어교육원','1학년','니콜라스 요한','화4~5(IH249)\r',77),('GEO2','기초교양필수','국제언어교육원','1학년','코넬리스 비사지예','목4~5(IH254)\r',78),('GEO2','기초교양필수','국제언어교육원','1학년','코넬리스 비사지예','수2~3(IH254)\r',79),('GEO2','기초교양필수','국제언어교육원','1학년','코넬리스 비사지예','수4~5(IH254)\r',80),('GH캡스톤디자인','제1전공선택','글로벌인문경영융복합전공','4학년','이종석','월9~11(BA204)\r',81),('GS캡스톤디자인','제1전공선택','글로컬문화스토리텔링융복합전공','4학년','윤혜영','금5~7(N101)\r',82),('ICT를활용한일상속문제해결','중핵교양필수','학부대학','전학년','이은배','월2~3(N319), 수3(N319)\r',83),('IT와회계윤리','제1전공선택','회계학전공','3학년','안성희','화7~8(N110), 목7(N110)\r',84),('IT활용재무회계','제1전공선택','회계학전공','3학년','박성조','수8~10(M306)\r',85),('Modern Korean Historiography','제1전공선택','글로벌한국학융복합전공','3학년','박지영','화4~5(IH243), 목4(IH243)\r',86),('Modern Korean Literature in Translation','제1전공선택','글로벌한국학융복합전공','3학년','노은영','수1~3(IH234)\r',87),('NCS직업기초역량실무','중핵교양필수','취업지원팀','전학년','조형래','월6(N307), 수4~5(N307)\r',88),('SCM모형과분석','제1전공선택','경영학전공','3학년','강성민','월6(N210), 수4~5(N210)\r',89),('Topics in Global Korean Studies','제1전공선택','글로벌한국학융복합전공','3학년','김지윤','월5~7(V212)\r',90),('가정생산','제1전공선택','소비자주거학전공','2학년','정영금','월6(N310), 수4~5(N310)\r',91),('가족법','제1전공선택','법학전공','4학년','신동환','월7~9(N219)\r',92),('가족복지','제1전공선택','아동학전공','4학년','이미숙','화2~3(N101), 목3(N101)\r',93),('가족복지론','제1전공선택','사회복지학전공','3학년','김인숙','월4~5(M211), 금4(M211)\r',94),('가족생활교육론','제1전공선택','아동학전공','4학년','전은다','수4~6(V212)\r',95),('가톨릭신앙과삶','자유선택교양','학부대학','전학년','이태규','목1~2(교내성당)\r',96),('각국경제연구','제1전공선택','경제학전공','2학년','최미호','금1~3(M411)\r',97),('갈등관리와협상','제1전공선택','행정학전공','4학년','김관보','화7~8(N415), 목7(N415)\r',98),('감각및지각','제1전공선택','심리학전공','2학년','남종호','화2~3(N301), 목3(N301)\r',99),('개발의경제학','제1전공선택','국제학부','3학년','윤미경','수2~3(IH260), 금3(IH260)\r',100),('객체지향패러다임','제1전공선택','컴퓨터정보공학부','3학년','오재원','월7(N103), 수6~7(N103)\r',101),('객체지향프로그래밍설계','제1전공선택','컴퓨터정보공학부','2학년','오재원','월4~5(M305), 금4(M305)\r',102),('객체지향프로그래밍설계','제1전공선택','컴퓨터정보공학부','2학년','오재원','월8(M305), 금5~6(M305)\r',103),('건강가정정책론','제1전공선택','소비자주거학전공','4학년','정영금','화2~3(V104), 목3(V104)\r',104),('건강기능성식품학','제1전공선택','식품영양학전공','4학년','오명숙','수8(N320), 월8~9(N320)\r',105),('건반악기실내악앙상블1','제1전공선택','음악과','3학년','김지현','목6~7()\r',106),('건반악기실내악앙상블1','제1전공선택','음악과','3학년','김희주','목4~5()\r',107),('건반화성및반주법1','제1전공선택','음악과','4학년','강다영','월7~9(A103)\r',108),('게임서사와스토리텔링','제1전공선택','스토리텔링융복합전공','2학년','남승희','목8~10(BA202)\r',109),('게임프로그래밍','제1전공선택','미디어기술콘텐츠학과','3학년','최명걸','화2~3(D540), 목3(D540)\r',110),('결혼과가족','자유선택교양','아동학전공','전학년','최희진','화7~8(N309), 목7(N309)\r',111),('경력개발코칭및실습','제1전공선택','심리학전공','3학년','조지연','수1~3(N110)\r',112),('경영과학','제1전공선택','경영학전공','2학년','강성민','월4~5(N411), 금4(N411)\r',113),('경영소프트웨어응용','제1전공선택','경영학전공','2학년','안정국','금6~8(M307)\r',114),('경영전략론','제1전공선택','경영학전공','3학년','성재열','수2~4(IH340)\r',115),('경영정보론','제1전공선택','경영학전공','2학년','이소현','수6~8(B338)\r',116),('경영학캡스톤디자인','제1전공선택','경영학전공','4학년','이재영, 박지윤','월6~7(V214), 수6~7(V214)\r',117),('경제법','제1전공선택','법학전공','3학년','이영종','화6(N415), 목5~6(N415)\r',118),('경제사','제1전공선택','경제학전공','4학년','이상호','수1~3(N212)\r',119),('경제정책세미나','제1전공선택','경제학전공','4학년','린위쑤안','화1(N414), 목1~2(N414)\r',120),('경제학개론','전공기초','경제학전공','전학년','곽만순','금1~2(N219), 수1(N219)\r',121),('경제학개론','전공기초','경제학전공','전학년','김명수','수1(N103), 금1~2(N103)\r',122),('경제학개론','전공기초','경제학전공','전학년','허인','월7(N307), 수6~7(N307)\r',123),('경제학세미나Ⅰ','제1전공선택','경제학전공','3학년','린위쑤안','화4~5(IH269), 목4(IH269)\r',124),('경제학캡스톤디자인','제1전공선택','경제학전공','3학년','이영태, 김지영, 함병현','화2~3(M401), 목3(M401), 목11(M401)\r',125),('계량경제연습','제1전공선택','경제학전공','3학년','허인','월4~5(M304), 금4(M304)\r',126),('계량경제학2','제1전공선택','경제학전공','3학년','김명수','월7(M306), 수6~7(M306)\r',127),('계산수학1및연습','제1전공선택','수학전공','4학년','권성화','화2~3(D510), 목2~3(D510)\r',128),('고객만족과소비자상담','제1전공선택','소비자주거학전공','4학년','윤명애','월3~5(BA204)\r',129),('고급물리학실험1','제1전공선택','물리학전공','4학년','서병진','월8~9(D602), 금9~10(D602)\r',130),('고급병태생리학','제1전공선택','약학과','5학년','최진성','수2~3(NP111)\r',131),('고급실용영어회화','자유선택교양','국제언어교육원','전학년','니콜라스르럭스','화9(IH242), 목8~9(IH242)\r',132),('고급약품제조화학','제1전공선택','약학과','6학년','서재홍','월5~6(NP105)\r',133),('고급영문법','제1전공선택','영미언어문화학부','4학년','한승훈','화7~8(IH234), 목7(IH234)\r',134),('고급의약화학','제1전공선택','약학과','6학년','신계정','화7~8(NP105)\r',135),('고급일본어작문','제1전공선택','일어일본문화전공','3학년','장양광','월1~3(V206)\r',136),('고급일어회화','제1전공선택','일어일본문화전공','3학년','장양광','화4~5(N410), 목4(N410)\r',137),('고급중국어읽기','제1전공선택','중국언어문화전공','3학년','신의선','금1~3(N408)\r',138),('고급화성1','제1전공선택','음악과','1학년','홍승연','수5(A202)\r',139),('고급회계','제1전공선택','회계학전공','3학년','박희우','화2~3(M302), 목3(M302)\r',140),('고대철학사','제1전공선택','철학전공','2학년','김주일','금5~7(V112)\r',141),('고전으로읽는환경','중핵교양필수','환경공학전공','전학년','이상훈','화6(M301), 목5~6(M301)\r',142),('골프','자유선택교양','학부대학','전학년','이문진','목6~7(테니스장)\r',143),('공공경제학','제1전공선택','경제학전공','3학년','손동희','목7(V112), 화7~8(V112)\r',144),('공공재정론','제1전공선택','행정학전공','3학년','김관보','화6(N309), 목5~6(N309)\r',145),('공공조직론','제1전공선택','행정학전공','3학년','김지성','화1~3(V112)\r',146),('공학수학1','제1전공선택','정보통신전자공학부','2학년','이창우','화7~8(N212), 목7(N212)\r',147),('공학수학1','제1전공선택','정보통신전자공학부','2학년','전종연','수2~4(M213)\r',148),('과학,경제,환경,그리고인류의미래','중핵교양필수','국제학부','전학년','윤미령','수2~3(IH356), 금3(IH356)\r',149),('과학생명윤리학','중핵교양필수','법학전공','전학년','정창록','월6~8(IH340)\r',150),('관리회계','제1전공필수','회계학전공','3학년','김범준','화7~8(N308), 목7(N308)\r',151),('관현악법1','제1전공선택','음악과','4학년','정성엽','목8~10(A104)\r',152),('광고기획및제작','제1전공선택','미디어기술콘텐츠학과','4학년','이종숙','수1~3(N210)\r',153),('교과논술교육론(인문,사회)','제1전공선택','교직과','3학년','박정진','화7~8(M212), 목7(M212)\r',154),('교류와갈등의세계사','제1전공선택','글로벌인문경영융복합전공','2학년','정연태, 한모니까, 이승민','금1~3(N319)\r',155),('교양수학','전공기초','수학전공','전학년','장혜영','월4~5(D234), 금4(D234)\r',156),('교육공학','평생교육','교직과','전학년','강숙희','수8(N408), 금8~9(N408)\r',157),('교육사회','교직','교직과','2학년','김종윤','월5~6(BA202)\r',158),('교육사회','교직','교직과','2학년','김종윤','월7~8(BA202)\r',159),('교육심리','교직','교직과','2학년','강숙희','월5~6(M403)\r',160),('교육심리','교직','교직과','2학년','강숙희','월8~9(N307)\r',161),('교육철학및교육사','교직','교직과','3학년','안홍선','월9~10(N110)\r',162),('교육평가','교직','교직과','3학년','양길석','목5~6(IH262)\r',163),('교육평가','교직','교직과','3학년','양길석','화4~5(IH260)\r',164),('교육학개론','교직','교직과','1학년','구본만','화4~5(B338), 목3(B338)\r',165),('교육학개론','교직','교직과','1학년','조현구','수2~4(IH262)\r',166),('교직실무','교직','교직과','4학년','김상도','목2~3(M211)\r',167),('국가안보론','자유선택교양','학부대학','전학년','김칠주','목2~3(M107)\r',168),('국가안보론','자유선택교양','학부대학','전학년','김칠주','목8~9(M107)\r',169),('국부론','중핵교양필수','경제학전공','전학년','이상호','수5~7(V313)\r',170),('국어교과교육론','제1전공선택','국어국문학전공','3학년','김지연','목8~10(N408)\r',171),('국제경영론','제1전공선택','경영학전공','3학년','김병조','화6(N312), 목5~6(N312)\r',172),('국제경영론','제1전공선택','경영학전공','3학년','장상필','금4~6(M321)\r',173),('국제관계이론','제1전공선택','국제학부','2학년','박건영','수4~5(IH234), 월4(IH234)\r',174),('국제관계학고전강독','제1전공선택','국제학부','4학년','박건영','화4~5(IH356), 수6(IH356)\r',175),('국제관계학입문','전공기초','국제학부','전학년','김준석','월7(N110), 수6~7(N110)\r',176),('국제관계학입문','전공기초','국제학부','전학년','베네딕트드도미닉','월2~3(IH338), 금3(IH338)\r',177),('국제금융과외환','제1전공선택','국제학부','3학년','왕윤종','월4~6(IH262)\r',178),('국제무역론','제1전공선택','경제학전공','3학년','양준석','화6(N210), 목5~6(N210)\r',179),('국제법','제1전공선택','법학전공','3학년','김현주','수1~3(IH360)\r',180),('국제윤리','제1전공선택','국제학부','4학년','김준석','화7~8(IH340), 목7(IH340)\r',181),('국제통상실무1','제1전공선택','국제학부','3학년','고보민','화6~7(IH260), 목6(IH260)\r',182),('국제통상이론1','제1전공선택','국제학부','3학년','윤미경','금1~2(IH269), 수1(IH269)\r',183),('국제통상이론1','제1전공선택','국제학부','3학년','윤미경','화2~3(IH269), 목3(IH269)\r',184),('국제통상학입문','전공기초','국제학부','전학년','고보민','월2~3(IH340), 목3(IH340)\r',185),('국제학과경제','제1전공선택','국제학부','2학년','고보민','월8(N212), 금5~6(N212)\r',186),('국제학방법론','제1전공선택','국제학부','2학년','베네딕트드도미닉','수1(IH338), 금1~2(IH338)\r',187),('국제학영어연습1','제1전공선택','국제학부','2학년','윤미령','수1(IH340), 금1~2(IH340)\r',188),('국제학중국어연습','제1전공선택','국제학부','2학년','이현주','목1~3(N212)\r',189),('국제학캡스톤디자인','제1전공선택','국제학부','3학년','김준석','월8~9(IH338), 수8(IH338)\r',190),('국제협상론','제1전공선택','국제학부','4학년','고보민','화8(IH260), 목7~8(IH260)\r',191),('군사학Ⅰ','자유선택교양','학생군사교육단','3학년','양동휘','월1~3(M107), 금6~8(M106)\r',192),('군사학Ⅲ','자유선택교양','학생군사교육단','4학년','정재영','화1~3(M107), 금6~8(M107)\r',193),('그리스도교윤리','제1전공선택','종교학과','2학년','심현주','금4~6(N410)\r',194),('그리스로마문화와사상','제1전공선택','철학전공','2학년','정현석','월3~4(N103), 수5(N103)\r',195),('그림속의과학과인간','중핵교양필수','중국언어문화전공','전학년','박종한','월7(IH269), 수6~7(IH269)\r',196),('근대철학사','제1전공선택','철학전공','3학년','박계원','금2~4(N414)\r',197),('글로벌문화비즈니스의이해','제1전공선택','비즈니스리더융복합전공','3학년','김세원','월7(N413), 수6~7(N413)\r',198),('글로벌소비자트렌드','제1전공선택','소비자주거학전공','4학년','김경자','화7~8(N414), 목7(N414)\r',199),('글로벌시대의경제','제1전공선택','경제학전공','4학년','양준석','화7~8(N312), 목7(N312)\r',200),('글로벌시대의한상네트워크와창업','제1전공선택','글로벌인문경영융복합전공','3학년','이종석','목7~9(B338)\r',201),('글로벌시장의이해','제1전공선택','회계학전공','4학년','성재열','목7~9(M302)\r',202),('글로벌정책문제와국제개발협력','제1전공선택','행정학전공','2학년','박석희, 장익현','화7~9(M213)\r',203),('금융공학입문1','제1전공선택','금융공학융복합전공','2학년','전인태','월3~4(M307), 수3~4(M307)\r',204),('금융상품회계','제1전공선택','회계학전공','2학년','장홍석','월2~4(N212)\r',205),('금융수학1및연습','제1전공선택','수학전공','3학년','이두범','화7~8(D510), 목7~8(D510)\r',206),('금융시장론','제1전공선택','경제학전공','4학년','최미호','금5~7(BA203)\r',207),('금융시장론','제1전공선택','경제학전공','4학년','허인','월2~3(N412), 금3(N412)\r',208),('기기분석학','제1전공선택','환경공학전공','4학년','유선정','월8~10(N415)\r',209),('기술복제시대예술의이해','중핵교양필수','미디어기술콘텐츠학과','전학년','서채환','화6(N103), 목5~6(N103)\r',210),('기업가정신과경영','제1전공선택','경영학전공','3학년','박지윤','화4~5(N101), 목4(N101)\r',211),('기업가정신과창업','자유선택교양','창업지원팀','전학년','이재영','수7~9(N210)\r',212),('기업법','제1전공선택','경영학전공','3학년','이영종','월8~9(N406), 수1(N406)\r',213),('기업생태계와상생경영','제1전공선택','경영학전공','3학년','김기찬, 이성상','월7(N311), 수6~7(N311)\r',214),('기업실무1-마케팅/영업','자유선택교양','취업지원팀','3학년','남종호','화7~8(V313)\r',215),('기업실무2-인사/경영지원','자유선택교양','취업지원팀','3학년','남종호','수7~8(V208)\r',216),('기업실무3-유통/물류','자유선택교양','취업지원팀','3학년','남종호','목7~8(N413)\r',217),('기업실무4-금융','자유선택교양','취업지원팀','3학년','남종호','금7~8(V212)\r',218),('기초유전체학','제1전공선택','생명과학전공','4학년','문정환','목5~7(V213)\r',219),('기초의학총론','제1전공선택','생명공학전공','4학년','윤준원','화2~3(BA203), 목3(BA203)\r',220),('기초이론','제1전공선택','음악과','1학년','최종윤','금6(A201)\r',221),('기초통계학1및연습','제1전공선택','수학전공','2학년','권성화','화5~6(M304), 목5~6(M304)\r',222),('기호와욕망으로읽는사회','중핵교양필수','학부대학','전학년','이원봉','월4~5(N317), 금4(N317)\r',223),('나노바이오공학의이해','제1전공선택','의약나노바이오융복합전공','3학년','배철민','화4~5(V111), 목4(V111)\r',224),('나노재료화학','제1전공선택','화학전공','4학년','이종현','수2~3(V212), 금3(V212)\r',225),('남성과여성의심리학','자유선택교양','심리학전공','전학년','양재원','화1(N208), 목1~2(N208)\r',226),('남성복구성','제1전공선택','의류학전공','4학년','이경화','목5~8(D442)\r',227),('남성복구성','제1전공선택','의류학전공','4학년','최현옥','금5~8(D401)\r',228),('네트워크보안설계','제1전공선택','정보통신전자공학부','4학년','정윤찬','화8(N412), 목8~9(N412)\r',229),('논리와인지','제1전공선택','심리학전공','3학년','노상욱, 남종호, 이창우','수8~10(M414)\r',230),('논리학','제1전공필수','철학전공','2학년','김이균','화4~6(D301)\r',231),('논리회로및설계','제1전공선택','컴퓨터정보공학부','2학년','서경희','금3~4(M213), 금7~8(M213)\r',232),('논리회로및설계','제1전공선택','컴퓨터정보공학부','2학년','서경희','금5~6(M213), 금9~10(M213)\r',233),('놀이지도','제1전공선택','아동학전공','3학년','이영신','금1~3(IH234)\r',234),('뉴미디어음악과공연예술캡스톤디자인1','제1전공선택','음악과','4학년','한옥미','월7~9()\r',235),('다국적기업론','제1전공선택','경영학전공','4학년','김병조','화7~8(N409), 목7(N409)\r',236),('다문화경영','제1전공선택','경영학전공','3학년','기리쉬','화2~3(M212), 목3(M212)\r',237),('단백질공학','제1전공선택','생명공학전공','4학년','김형권','화1(N309), 목1~2(N309)\r',238),('당생물학','제1전공선택','생명공학전공','4학년','박용일','월8~9(N103), 수8(N103)\r',239),('대기환경공학','제1전공선택','환경공학전공','3학년','이내현','수2~4(M401)\r',240),('대위법1','제1전공선택','음악과','2학년','김수호','화6~7(A202)\r',241),('대중매체론','자유선택교양','사회학전공','전학년','방희경','수1~3(M212)\r',242),('데이터구조개론및실습','제1전공선택','미디어기술콘텐츠학과','2학년','이상국','월8~9(D540), 금7~8(D540)\r',243),('데이터통신','제1전공선택','컴퓨터정보공학부','3학년','양정진','월4~5(N311), 금4(N311)\r',244),('데이터통신','제1전공선택','정보통신전자공학부','3학년','정윤찬','화4~5(N405), 목4(N405)\r',245),('도덕경','중핵교양필수','학부대학','전학년','김성희','목7~9(M213)\r',246),('도시및지역경제학','제1전공선택','경제학전공','3학년','김명수','월4~5(N412), 금4(N412)\r',247),('독성학','제1전공선택','약학과','6학년','이주영','화5~6(NP105)\r',248),('독어1','중핵교양필수','중국언어문화전공','전학년','이선용','화4~5(N412), 목4(N412)\r',249),('독어1','중핵교양필수','중국언어문화전공','전학년','천미수','화4~5(N317), 목4(N317)\r',250),('독일어딕션','제1전공선택','음악과','2학년','조규희','목7(A202)\r',251),('동물비교해부학및실험','제1전공선택','생명과학전공','2학년','강인구','월7~9(D701), 화7~8(N101)\r',252),('동아시아의역사와문화','전공기초','국사학전공','전학년','최진묵','수8~10(N219)\r',253),('동아시아의역사와문화','전공기초','국사학전공','전학년','하주형','월8~10(V321)\r',254),('동아시아의평화와문화','자유선택교양','학부대학','전학년','우에무라 다카시','화7~9(M402)\r',255),('동아시아철학의문제들','제1전공선택','철학전공','4학년','백민정','수6~8(M305)\r',256),('동양의지혜와윤리','중핵교양필수','철학전공','전학년','백민정','화4~5(N103), 목4(N103)\r',257),('동양철학의전통','중핵교양필수','철학전공','전학년','김성희','화2~4(V212)\r',258),('동양철학의전통','중핵교양필수','철학전공','전학년','김세서리아','금2~4(N112)\r',259),('동양철학입문','제1전공선택','철학전공','2학년','백민정','화7~8(M301), 목7(M301)\r',260),('디자인문화현장워크샵','제1전공선택','소비자주거학전공','4학년','전남일','수6~9(D207)\r',261),('디자인트렌드분석','제1전공선택','문화예술경영전문가융복합전공','2학년','윤정우','화4~5(M305), 목4(M305)\r',262),('디지털미디어공학개론','제1전공선택','미디어기술콘텐츠학과','2학년','이희재','월4~5(D504), 금5~6(D540)\r',263),('디지털미학','중핵교양필수','미디어기술콘텐츠학과','전학년','강행봉, 이동은, 최명걸','수8~10(M301)\r',264),('디지털스토리텔링입문','제1전공선택','미디어기술콘텐츠학과','2학년','이동은','화2~3(NP117), 목3(NP117)\r',265),('디지털시대와문화','중핵교양필수','미디어기술콘텐츠학과','전학년','백종훈','화4~5(V105), 목4(V105)\r',266),('디지털시대와문화','중핵교양필수','미디어기술콘텐츠학과','전학년','윤정우','화6(V105), 목5~6(V105)\r',267),('디지털시대와문화','중핵교양필수','미디어기술콘텐츠학과','전학년','윤정우','화7~8(V105), 목7(V105)\r',268),('디지털시스템설계','제1전공선택','정보통신전자공학부','3학년','박태근','월8(D236), 금5~6(D236)\r',269),('디지털콘텐츠창작입문','전공기초','미디어기술콘텐츠학과','전학년','김은주, 박보경','화1~3(M307), 목2~3(M307)\r',270),('디지털콘텐츠창작입문','전공기초','미디어기술콘텐츠학과','전학년','이혜원, 박보경','화7~9(M307), 목7~8(M307)\r',271),('러시아어1','중핵교양필수','중국언어문화전공','전학년','임영임','화4~5(V206), 목4(V206)\r',272),('리더쉽론','제1전공선택','행정학전공','2학년','주성돈','목2~4(V213)\r',273),('리더십','자유선택교양','학부대학','전학년','김칠주','월2~3(M402)\r',274),('리더십','자유선택교양','학부대학','전학년','김칠주','월8~9(M107)\r',275),('리더십','자유선택교양','학부대학','전학년','김칠주','화2~3(M403)\r',276),('마케팅','제1전공필수','경영학전공','2학년','김기찬, 이성상','월6(N309), 수4~5(N309)\r',277),('마케팅','제1전공필수','경영학전공','2학년','김용철','월8~9(N312), 수8(N312)\r',278),('마케팅','제1전공필수','경영학전공','2학년','차현주','목5~7(V321)\r',279),('마케팅커뮤니케이션','제1전공선택','경영학전공','3학년','김용철','목5~6(N318), 화6(N318)\r',280),('매체언어활용론','제1전공선택','글로컬문화스토리텔링융복합전공','4학년','윤신원','수7~9(IH356)\r',281),('면역학','제1전공선택','생명과학전공','4학년','하영미','화7~9(IH360)\r',282),('면역학및실험','제1전공선택','생명공학전공','4학년','남재환','월6~7(NP112), 수5~6(D706), 수7(NP110)\r',283),('모바일ICT융합디자인','제1전공선택','모바일유비쿼터스융복합전공','4학년','채진석','월7(M307), 수6~7(M307)\r',284),('모바일시대의첨단정보기술개론','제1전공선택','비즈니스리더융복합전공','3학년','이일형','화6(M406), 목5~6(M406)\r',285),('모바일앱서비스기획및창업','자유선택교양','창업지원팀','전학년','이일형','수2~4(M306)\r',286),('모바일유비쿼터스캡스톤디자인','제1전공선택','모바일유비쿼터스융복합전공','4학년','서효중','월8~10(V214)\r',287),('모바일콘텐츠응용','제1전공선택','모바일유비쿼터스융복합전공','3학년','채진석','월6(M304), 수4~5(M304)\r',288),('모바일통신개론','제1전공선택','모바일유비쿼터스융복합전공','2학년','노태환','화7~8(D234), 목7(D234)\r',289),('무기화학1','제1전공필수','화학전공','3학년','신유주','수2~3(N406), 금3(N406)\r',290),('무역일본어회화및작문1','제1전공선택','일어일본문화전공','4학년','장양광','화6(BA204), 목5~6(BA204)\r',291),('무한집합론','제1전공선택','수학전공','2학년','이두범','월4~5(N409), 금5~6(N409)\r',292),('문예사조론','제1전공선택','국어국문학전공','4학년','홍기돈','수8~10(N319)\r',293),('문제해결과의사소통(CAPⅡ)','기초교양필수','학부대학','1학년','방담이','목5~6(NP105)\r',294),('문제해결과의사소통(CAPⅡ)','기초교양필수','학부대학','1학년','방담이','화2~3(M405)\r',295),('문제해결과의사소통(CAPⅡ)','기초교양필수','학부대학','1학년','이상민','월4~5(M407)\r',296),('문제해결과의사소통(CAPⅡ)','기초교양필수','학부대학','1학년','이상민','화2~3(M407)\r',297),('문제해결과의사소통(CAPⅡ)','기초교양필수','학부대학','1학년','이연수','목5~6(V104)\r',298),('문제해결과의사소통(CAPⅡ)','기초교양필수','학부대학','1학년','이연수','수2~3(M407)\r',299),('문제해결과의사소통(CAPⅡ)','기초교양필수','학부대학','1학년','이연수','월2~3(M405)\r',300),('문제해결과의사소통(CAPⅡ)','기초교양필수','학부대학','1학년','이연수','월4~5(M405)\r',301),('문제해결과의사소통(CAPⅡ)','기초교양필수','학부대학','1학년','이원봉','수8~9(M405)\r',302),('문제해결과의사소통(CAPⅡ)','기초교양필수','학부대학','1학년','이원봉','화2~3(N413)\r',303),('문제해결과의사소통(CAPⅡ)','기초교양필수','학부대학','1학년','정은기','수2~3(M211)\r',304),('문제해결과의사소통(CAPⅡ)','기초교양필수','학부대학','1학년','정은기','월2~3(N309)\r',305),('문제해결과의사소통(CAPⅡ)','기초교양필수','학부대학','1학년','정종진','금7~8(M405)\r',306),('문제해결과의사소통(CAPⅡ)','기초교양필수','학부대학','1학년','조윤아','금7~8(M406)\r',307),('문제해결과의사소통(CAPⅡ)','기초교양필수','학부대학','1학년','조윤아','수8~9(N413)\r',308),('문제해결과의사소통(CAPⅡ)','기초교양필수','학부대학','1학년','최선경','수2~3(M406)\r',309),('문제해결과의사소통(CAPⅡ)','기초교양필수','학부대학','1학년','하병학','화2~3(M406)\r',310),('문제해결과의사소통(CAPⅡ)','기초교양필수','학부대학','1학년','한길석','수2~3(V214)\r',311),('문제해결과의사소통(CAPⅡ)','기초교양필수','학부대학','1학년','한길석','월2~3(M302)\r',312),('문제해결과의사소통(CAPⅡ)','기초교양필수','학부대학','1학년','현남숙','목10~11(M211)\r',313),('문제해결과의사소통(CAPⅡ)','기초교양필수','학부대학','1학년','현남숙','목5~6(M405)\r',314),('문학,매스미디어와패션','중핵교양필수','의류학전공','전학년','전현실','금6~8(N308)\r',315),('문학과영상','제1전공선택','글로컬문화스토리텔링융복합전공','3학년','이동은','수2~4(V313)\r',316),('문학과윤리','중핵교양필수','국어국문학전공','전학년','안용희','화4~5(N312), 목4(N312)\r',317),('문학과윤리','중핵교양필수','국어국문학전공','전학년','임경미','목1~3(G104)\r',318),('문학과종교','중핵교양필수','국어국문학전공','전학년','류양선','화8~10(BA203)\r',319),('문학과환경','제1전공선택','영미언어문화학부','3학년','에릭탐슨','월6(IH342), 수4~5(IH342)\r',320),('문학비평의이해','제1전공선택','영미언어문화학부','3학년','박주식','수2~3(IH342), 금3(IH342)\r',321),('문화간커뮤니케이션','제1전공선택','영미언어문화학부','2학년','에릭탐슨','화6(IH269), 목5~6(IH269)\r',322),('문화경영의실습','제1전공선택','미디어기술콘텐츠학과','3학년','임학순','화7~8(N406), 목7(N406)\r',323),('문화비즈니스캡스톤디자인','제1전공선택','문화예술경영전문가융복합전공','3학년','서채환, 김경호, 윤정우','월6~7(BA102), 수6~7(BA102)\r',324),('문화유산활용프로젝트기획실습','제1전공선택','문화예술경영전문가융복합전공','3학년','임학순','목8~9(D234), 화9(D234)\r',325),('문화콘텐츠입문','제1전공선택','글로컬문화스토리텔링융복합전공','2학년','윤혜영','월2~3(M305), 금3(M305)\r',326),('물리학실험1','제1전공필수','물리학전공','2학년','정부성','금5~8(D602)\r',327),('물리학특강1','제1전공선택','물리학전공','4학년','윤석원','목7~8(D303)\r',328),('물리화학2','제1전공선택','화학전공','3학년','이종현','화2~3(N308), 목3(N308)\r',329),('물리화학4','제1전공선택','화학전공','4학년','김중한','화2~3(BA202), 목3(BA202)\r',330),('물리화학실험','제1전공필수','화학전공','3학년','이종현','수6~9(D604)\r',331),('미-중관계와동아시아질서','제1전공선택','국제학부','4학년','김재철','수6~7(IH338), 월7(IH338)\r',332),('미국경제의이해','제1전공선택','국제학부','3학년','한영빈','목6~8(BA203)\r',333),('미국의정치제도','제1전공선택','국제학부','2학년','베네딕트드도미닉','월1(IH342), 수8~9(IH342)\r',334),('미디어처리알고리즘설계','제1전공선택','미디어기술콘텐츠학과','3학년','김재호','월1~3(D540)\r',335),('미디어콘텐츠디자인1','제1전공선택','미디어기술콘텐츠학과','2학년','김마리','수4~6(D411)\r',336),('미디어콘텐츠캡스톤디자인1','제1전공선택','미디어기술콘텐츠학과','3학년','서채환, 김경호, 윤정우','화11~12(V214), 목11(V214)\r',337),('미분기하학1','제1전공선택','수학전공','3학년','방금성','월4~5(BA304), 수4(BA304)\r',338),('미분방정식및연습','제1전공선택','수학전공','3학년','김성훈','화5~6(D236), 목5~6(D236)\r',339),('미시경제학','제1전공선택','경제학전공','2학년','곽만순','월2~3(N407), 금3(N407)\r',340),('미시경제학','제1전공선택','경제학전공','2학년','곽만순','월6(N411), 수4~5(N411)\r',341),('미시경제학','제1전공선택','경제학전공','2학년','김지영','화6(N308), 목5~6(N308)\r',342),('미시경제학의이해','제1전공선택','경제학전공','2학년','린위쑤안','월6(N213), 수4~5(N213)\r',343),('미학','제1전공선택','철학전공','4학년','이섭','금7~9(N410)\r',344),('민법총칙','제1전공필수','법학전공','2학년','이홍민','수2~3(D301), 금3(D301)\r',345),('민사소송법','제1전공필수','법학전공','3학년','윤세교','금7~9(N409)\r',346),('바이오산업창업론','제1전공선택','생명공학전공','2학년','유영선','금5~7(V213)\r',347),('바이오의약품학','제1전공선택','약학과','5학년','허태회','목5~6(NP111)\r',348),('바이오합성실험','제1전공선택','생명공학전공','2학년','김필','화7~9(D706), 목7~8(D236)\r',349),('반도체공학','제1전공선택','정보통신전자공학부','3학년','전종연','월2~4(N209)\r',350),('발달심리학','제1전공선택','심리학전공','2학년','정윤경','화1(N301), 목1~2(N301)\r',351),('발달정신병리학','제1전공선택','심리학전공','3학년','최은실','월6(G104), 수4~5(G104)\r',352),('발달정신병리학','제1전공선택','심리학전공','3학년','최은실','화6(N212), 목5~6(N212)\r',353),('발효공학','제1전공선택','생명공학전공','3학년','김필','월6(N318), 수4~5(N318)\r',354),('방송편성과제작','자유선택교양','학부대학','전학년','배대윤','수8~10(N208)\r',355),('번역의원리와응용','제1전공선택','영미언어문화학부','3학년','김혜영','화6(IH234), 목5~6(IH234)\r',356),('범죄심리및실습','제1전공선택','심리학전공','3학년','고려진','월1~3(N208)\r',357),('법인세법','제1전공선택','회계학전공','3학년','김도원','수2~4(N208)\r',358),('법제사','제1전공선택','법학전공','2학년','이영종','수8~9(N101), 월3(N101)\r',359),('법철학','제1전공필수','법학전공','3학년','이영종','월6(N312), 수4~5(N312)\r',360),('법학개론','전공기초','법학전공','전학년','이세주','월8~9(N301), 수8(N301)\r',361),('법학캡스톤디자인','제1전공선택','법학전공','3학년','이홍민','금7~9(N415)\r',362),('벤처기업의마케팅전략','제1전공선택','스타트업융복합전공','3학년','박지윤','화1(N101), 목1~2(N101)\r',363),('변화와공존의인문학','중핵교양필수','학부대학','전학년','이상민','월7(V204), 수6~7(V204)\r',364),('병원미생물및항생물질','제1전공선택','생명공학전공','3학년','조영주','화1~3(M211)\r',365),('보육실습','제1전공선택','아동학전공','4학년','김충일','수8~10(M211)\r',366),('보전생물학','제1전공선택','생명과학전공','4학년','조도순','월7(N414), 수6~7(N414)\r',367),('복지국가론','제1전공선택','사회복지학전공','4학년','백승호','화4~5(N413), 목4(N413)\r',368),('복지국가와사회정책론','제1전공선택','행정학전공','3학년','장익현','월2~4(BA107)\r',369),('분석과비판의기초(CAPⅠ)','기초교양필수','학부대학','1학년','구민지','화10~11(V313)\r',370),('분석과비판의기초(CAPⅠ)','기초교양필수','학부대학','1학년','김남희','수8~9(M407)\r',371),('분석과비판의기초(CAPⅠ)','기초교양필수','학부대학','1학년','방담이','수2~3(M405)\r',372),('분석과비판의기초(CAPⅠ)','기초교양필수','학부대학','1학년','방담이','수4~5(M406)\r',373),('분석과비판의기초(CAPⅠ)','기초교양필수','학부대학','1학년','백소연','금5~6(M407)\r',374),('분석과비판의기초(CAPⅠ)','기초교양필수','학부대학','1학년','백소연','화8~9(M407)\r',375),('분석과비판의기초(CAPⅠ)','기초교양필수','학부대학','1학년','안수정','수8~9(M406)\r',376),('분석과비판의기초(CAPⅠ)','기초교양필수','학부대학','1학년','윤인선','수8~9(M410)\r',377),('분석과비판의기초(CAPⅠ)','기초교양필수','학부대학','1학년','윤인선','화8~9(M406)\r',378),('분석과비판의기초(CAPⅠ)','기초교양필수','학부대학','1학년','이상민','월2~3(N413)\r',379),('분석과비판의기초(CAPⅠ)','기초교양필수','학부대학','1학년','이상민, 방담이','목1~2(V204)\r',380),('분석과비판의기초(CAPⅠ)','기초교양필수','학부대학','1학년','이연수','목1~2(V104)\r',381),('분석과비판의기초(CAPⅠ)','기초교양필수','학부대학','1학년','이연수','수4~5(M407)\r',382),('분석과비판의기초(CAPⅠ)','기초교양필수','학부대학','1학년','이연수','화8~9(M405)\r',383),('분석과비판의기초(CAPⅠ)','기초교양필수','학부대학','1학년','이원봉','금5~6(M406)\r',384),('분석과비판의기초(CAPⅠ)','기초교양필수','학부대학','1학년','이원봉','수4~5(M405)\r',385),('분석과비판의기초(CAPⅠ)','기초교양필수','학부대학','1학년','정종진','금5~6(M405)\r',386),('분석과비판의기초(CAPⅠ)','기초교양필수','학부대학','1학년','조윤아','수2~3(M302)\r',387),('분석과비판의기초(CAPⅠ)','기초교양필수','학부대학','1학년','조윤아','월2~3(M211)\r',388),('분석과비판의기초(CAPⅠ)','기초교양필수','학부대학','1학년','최선경','월2~3(M406)\r',389),('분석과비판의기초(CAPⅠ)','기초교양필수','학부대학','1학년','최선경','화8~9(N413)\r',390),('분석과비판의기초(CAPⅠ)','기초교양필수','학부대학','1학년','하병학','월2~3(M407)\r',391),('분석과비판의기초(CAPⅠ)','기초교양필수','학부대학','1학년','현남숙','목1~2(M405)\r',392),('분석과창의적문제해결심화(CAPⅢ)','기초교양필수','학부대학','2학년','방담이','화8~9(V111)\r',393),('분석과창의적문제해결심화(CAPⅢ)','기초교양필수','학부대학','2학년','조윤아','월4~5(M406)\r',394),('분석화학실험','제1전공필수','화학전공','2학년','이종현','화7~10(D608)\r',395),('분자동물발생학','제1전공선택','생명과학전공','3학년','강인구','금7~9(N412)\r',396),('분자동물생리학및실험','제1전공선택','생명과학전공','4학년','임신원','월4~5(N413), 금4~6(D704)\r',397),('분자생물공학II','제1전공선택','생명공학전공','3학년','윤준원','월4~5(N318), 금4(N318)\r',398),('비교정치론','제1전공선택','국제학부','2학년','김재철','화6(IH340), 목5~6(IH340)\r',399),('비주얼특수효과','제1전공선택','미디어기술콘텐츠학과','4학년','강행봉','화5~6(D540), 목5~6(D540)\r',400),('비즈니스리더캡스톤디자인','제1전공선택','비즈니스리더융복합전공','4학년','이일형','화7~8(BA204), 목7(BA204)\r',401),('비처방약물학','제1전공선택','약학과','5학년','곽미경','금5~6(NP111)\r',402),('비판적사고와논술교육이론','제1전공선택','철학전공','4학년','박계원','수3~5(N408)\r',403),('빅데이터의이해와활용','제1전공선택','경영학전공','2학년','이홍주','화6(M306), 목5~6(M306)\r',404),('사마천의역사이야기','중핵교양필수','중국언어문화전공','전학년','한혜경','화7~8(V104), 목7(V104)\r',405),('사물인터넷개론','중핵교양필수','모바일유비쿼터스융복합전공','2학년','노태환','화6(V313), 목5~6(V313)\r',406),('사이버스페이스의정보윤리','중핵교양필수','컴퓨터정보공학부','전학년','김백현','금4~6(N407)\r',407),('사이버스페이스의정보윤리','중핵교양필수','컴퓨터정보공학부','전학년','김의찬','화1(IH234), 목1~2(IH234)\r',408),('사이버스페이스의정보윤리','중핵교양필수','컴퓨터정보공학부','전학년','김의찬','화2~3(IH234), 목3(IH234)\r',409),('사이버스페이스의정보윤리','중핵교양필수','컴퓨터정보공학부','전학년','문혜성','화4~5(N213), 목4(N213)\r',410),('사이버스페이스의정보윤리','중핵교양필수','컴퓨터정보공학부','전학년','문혜성','화6(N213), 목5~6(N213)\r',411),('사회계층론','제1전공선택','사회학전공','2학년','김종진','목2~4(M403)\r',412),('사회교과교육론','제1전공선택','사회학전공','3학년','김지향','목2~4(BA102)\r',413),('사회규범과이데올로기','중핵교양필수','법학전공','전학년','정영석','목2~4(D236)\r',414),('사회문제론','제1전공선택','사회복지학전공','2학년','박정호','화7~8(N318), 목7(N318)\r',415),('사회보장론','제1전공선택','사회복지학전공','2학년','김지선','월2~4(V112)\r',416),('사회복지개론','전공기초','사회복지학전공','전학년','박정호','월8~9(N311), 수8(N311)\r',417),('사회복지개론','전공기초','사회복지학전공','전학년','이상균','월7(N412), 수6~7(N412)\r',418),('사회복지발달사','제1전공선택','사회복지학전공','2학년','김종해','월7(N411), 수6~7(N411)\r',419),('사회복지실천기술론','제1전공선택','사회복지학전공','3학년','신나래','금2~4(M212)\r',420),('사회복지실천기술론','제1전공선택','사회복지학전공','3학년','이소원','화3~5(G104)\r',421),('사회복지조사론','제1전공필수','사회복지학전공','3학년','김용석','목5~6(N101), 화6(N101)\r',422),('사회복지조사론','제1전공필수','사회복지학전공','3학년','이용표','월6(M302), 수4~5(M302)\r',423),('사회복지행정론','제1전공선택','사회복지학전공','4학년','양성욱','목6~8(V208)\r',424),('사회복지행정론','제1전공선택','사회복지학전공','4학년','양성욱','화6~8(G104)\r',425),('사회복지현장실습2','제1전공선택','사회복지학전공','4학년','김용석','수2~4(N114)\r',426),('사회복지현장실습2','제1전공선택','사회복지학전공','4학년','오혜경','월5~7(HB108)\r',427),('사회심리학','제1전공선택','심리학전공','2학년','문혜진','수6~8(NP117)\r',428),('사회운동연구','제1전공선택','사회학전공','4학년','이인규','월1~3(N320)\r',429),('사회적경제와사회복지','제1전공선택','사회복지학전공','4학년','박정호','목8~10(N309)\r',430),('사회조사실습','제1전공선택','사회학전공','3학년','신희주','월7(M304), 수6~7(M304)\r',431),('사회학강독','제1전공선택','사회학전공','2학년','정진원','수4~6(BA202)\r',432),('사회학개론','전공기초','사회학전공','전학년','이기웅','월2~3(V105), 금3(V105)\r',433),('사회학개론','전공기초','사회학전공','전학년','조돈문','수1(V105), 금1~2(V105)\r',434),('사회학사','제1전공필수','사회학전공','2학년','박광형','화4~6(N110)\r',435),('사회학실습','제1전공필수','사회학전공','4학년','신희주','화6(M403), 목5~6(M403)\r',436),('사회학실습','제1전공필수','사회학전공','4학년','조돈문','수2~3(N320), 금3(N320)\r',437),('사회학특강1','제1전공선택','사회학전공','4학년','전희진','화7~9(M302)\r',438),('산업사회의이해','제1전공선택','사회학전공','3학년','김종진','목7~9(BA107)\r',439),('산업조직론','제1전공선택','경제학전공','3학년','곽만순','월8(N318), 금5~6(N318)\r',440),('산업조직론','제1전공선택','경제학전공','3학년','문시열','화1(N209), 목1~2(N209)\r',441),('삼국사기','중핵교양필수','국사학전공','전학년','고현아','화4~5(N209), 목4(N209)\r',442),('상담면접및실습','제1전공선택','심리학전공','4학년','장성숙','화6(N320), 목5~6(N320)\r',443),('상담심리및실습','제1전공선택','심리학전공','3학년','이희경','월7(G100), 수6~7(G100)\r',444),('생명공학실험계획및통계','제1전공선택','생명공학전공','2학년','황혜진','월8~9(N411), 수8(N411)\r',445),('생명과학캡스톤디자인1','제1전공선택','생명과학전공','3학년','조도순, 유희주','월10~11(N410), 수10~11(N410)\r',446),('생물고분자공학의이해','제1전공선택','생명공학전공','2학년','이은성','수2~3(N318), 금3(N318)\r',447),('생물교과교육론','제1전공선택','생명과학전공','3학년','유희주','월6(M212), 수4~5(M212)\r',448),('생물물리화학','제1전공선택','생명공학전공','3학년','이은성','화7~8(N310), 목7(N310)\r',449),('생물심리학','제1전공선택','심리학전공','3학년','김희정','금2~4(N209)\r',450),('생물의이해','전공기초','생명과학전공','전학년','황혜진','화2~3(N414), 목3(N414)\r',451),('생물통계학','제1전공필수','약학과','3학년','송현진','수8~10(M307)\r',452),('생산관리','제1전공필수','경영학전공','2학년','강성민','월7(N218), 수6~7(N218)\r',453),('생산관리','제1전공필수','경영학전공','2학년','라준영','월6(N218), 수4~5(N218)\r',454),('생애주기영양학','제1전공선택','식품영양학전공','2학년','김혜경','화9(N307), 목8~9(N307)\r',455),('생애진로와경력개발','자유선택교양','취업지원팀','1학년','남종호','\r',456),('생약학2','제1전공필수','약학과','4학년','윤기동','월2~3(NP110), 수2(NP110)\r',457),('생태복원공학','제1전공선택','환경공학전공','4학년','이내현','수8~10(N310)\r',458),('생태학및실험','제1전공선택','생명과학전공','2학년','조도순','화5~6(V104), 목4(V104), 목5~6(D701)\r',459),('생화학1','제1전공선택','생명공학전공','2학년','박용일','화6(N301), 목5~6(N301)\r',460),('생화학1','제1전공선택','화학전공','3학년','이상민','화6(N405), 목5~6(N405)\r',461),('생화학1및실험','제1전공선택','식품영양학전공','2학년','김혜경','월4~5(M414), 금4~6(M414)\r',462),('생화학실험','제1전공필수','화학전공','3학년','이상민','목7~10(D606)\r',463),('생활과법률','자유선택교양','법학전공','전학년','최효선','월1~3(N301)\r',464),('생활지도및상담','교직','교직과','전학년','윤운영','목7~8(N211)\r',465),('샤머니즘','제1전공선택','종교학과','3학년','박일영','수1~3(D303)\r',466),('서양고중세사','제1전공선택','국사학전공','3학년','오흥식','목1~3(BA107)\r',467),('서양근대정치','중핵교양필수','국제학부','전학년','김준석','화4~5(IH340), 목4(IH340)\r',468),('서양근현대사','제1전공선택','국사학전공','2학년','김선아','수1~3(V112)\r',469),('서양복식문화','제1전공선택','의류학전공','2학년','김은정','화5~7(M407)\r',470),('서양철학의전통','중핵교양필수','철학전공','전학년','박경자','수5~7(V104)\r',471),('서양철학의전통','중핵교양필수','철학전공','전학년','박승찬','화6(N411), 목5~6(N411)\r',472),('서양철학의전통','중핵교양필수','철학전공','전학년','박일태','월4~5(N308), 금4(N308)\r',473),('선형대수','제1전공선택','정보통신전자공학부','3학년','이창우','화2~3(M411), 목3(M411)\r',474),('선형대수학','제1전공선택','컴퓨터정보공학부','2학년','전준헌','화4~5(N301), 목4(N301)\r',475),('선형대수학','제1전공선택','미디어기술콘텐츠학과','2학년','최명걸','월7(V111), 수6~7(V111)\r',476),('선형대수학1및연습','제1전공필수','수학전공','2학년','경일호','월2~3(N307), 금2~3(N307)\r',477),('선형대수학1및연습','제1전공필수','수학전공','2학년','방금성','월2~3(D234), 금2~3(D234)\r',478),('성격심리학','제1전공선택','심리학전공','2학년','정남운, 김준홍','월4~5(N301), 금4(N301)\r',479),('성격심리학','제1전공선택','심리학전공','2학년','정남운, 김준홍','월8~9(N208), 금7(N208)\r',480),('성경입문','제1전공선택','종교학과','2학년','최혜영','화1~3(V213)\r',481),('성공취업전략','자유선택교양','취업지원팀','4학년','조형래','수7~8(N209)\r',482),('성악문헌2','제1전공선택','음악과','3학년','권수영','수7~8(A203)\r',483),('세계어로서의영어와영어교육','제1전공선택','영미언어문화학부','3학년','심영숙','월4~5(IH338), 금4(IH338)\r',484),('세계의도시와문화콘텐츠','제1전공선택','글로컬문화스토리텔링융복합전공','3학년','허태구','목7(N410), 화7~8(N410)\r',485),('세계종교이해','전공기초','종교학과','전학년','유정원','수1(M402), 금1~2(M402)\r',486),('세포생물공학I','제1전공선택','생명공학전공','3학년','남재환','월3(N308), 수2~3(N308)\r',487),('세포생물학및실험','제1전공선택','생명과학전공','2학년','유희주','금4~6(D701), 월4~5(D236)\r',488),('소득.부가가치세법','제1전공선택','회계학전공','2학년','박희우','화6(N406), 목5~6(N406)\r',489),('소비와윤리','중핵교양필수','소비자주거학전공','전학년','박미혜','수2~4(M414)\r',490),('소비와윤리','중핵교양필수','소비자주거학전공','전학년','윤명애','화3~5(IH262)\r',491),('소비와윤리','중핵교양필수','소비자주거학전공','전학년','홍연금','목2~4(IH262)\r',492),('소비와윤리','중핵교양필수','소비자주거학전공','전학년','홍연금','목7~9(IH360)\r',493),('소비자법과정책','제1전공선택','소비자주거학전공','3학년','양덕순','수2~4(B338)\r',494),('소비자와유통','제1전공선택','소비자주거학전공','3학년','김경자','월7(D301), 수6~7(D301)\r',495),('소비자와주거문화','전공기초','소비자주거학전공','전학년','김준래','목7~9(N411)\r',496),('소비자와주거문화','전공기초','소비자주거학전공','전학년','윤여임','화7~9(N411)\r',497),('소비자정성조사','제1전공선택','소비자주거학전공','3학년','천경희','화6(M302), 목5~6(M302)\r',498),('소비자트렌드','제1전공선택','소비자주거학전공','2학년','김경자','월3(D301), 수8~9(D301)\r',499),('소비자학개론','제1전공선택','소비자주거학전공','2학년','황진주','금4~6(M411)\r',500),('소비자학종합설계','제1전공선택','소비자주거학전공','4학년','천경희','화4~5(D234), 목4(D234)\r',501),('소비자행동론','제1전공선택','경영학전공','3학년','김용철','화2~3(N213), 목3(N213)\r',502),('소설을통한시대읽기','제1전공선택','영미언어문화학부','4학년','류주연','월1~3(G110)\r',503),('소재염색및표현기법','제1전공선택','의류학전공','3학년','정혜경','목5~6(D334), 목7~8(D435)\r',504),('소재화학연구1','제1전공선택','화학전공','4학년','강인남, 이종현, 이기연','목11~12(N413), 금10~12(N413)\r',505),('수리물리학2','제1전공선택','물리학전공','3학년','윤석원','월4~5(N415), 금4(N415)\r',506),('수리물리학입문','제1전공선택','물리학전공','2학년','마크앤클리프','화2~3(IH356), 목3(IH356)\r',507),('수질환경공학및실습','제1전공선택','환경공학전공','2학년','한기봉','월8~9(D234), 금7~9(D706)\r',508),('수학교과교육론','제1전공선택','수학전공','3학년','계정연','금3~5(BA106)\r',509),('수학으로바라보는아름다운세상','중핵교양필수','수학전공','전학년','방금성','화6(N112), 목5~6(N112)\r',510),('스크린중국어와대중문화','제1전공선택','중국언어문화전공','4학년','두해영','월8(V205), 금5~6(V205)\r',511),('스토리텔링방법론','제1전공선택','스토리텔링융복합전공','3학년','윤혜영','목5~6(BA104), 화6(BA104)\r',512),('스페인어1','중핵교양필수','프랑스어문화학과','전학년','전혜찬','화9(N409), 목8~9(N409)\r',513),('시사경제','제1전공선택','경제학전공','2학년','양준석','월7(N318), 수6~7(N318)\r',514),('시스템성능분석','제1전공선택','컴퓨터정보공학부','4학년','박경모','화7~8(N319), 목7(N319)\r',515),('시창1','전공기초','음악과','1학년','이일령','화6(A201)\r',516),('시창3','전공기초','음악과','2학년','이일령','화5(A201)\r',517),('시청각프랑스어1','제1전공선택','프랑스어문화학과','2학년','안토니 코레아','수2~3(N410), 금3(N410)\r',518),('식물생리학및실험','제1전공선택','생명과학전공','3학년','유희주','화5~6(N408), 목4~6(D738)\r',519),('식사요법및실습','제1전공선택','식품영양학전공','4학년','손숙미','월5~6(N414), 금5~7(N414)\r',520),('식생활과문화','제1전공선택','식품영양학전공','4학년','심혜정','수4~5(BA106), 금9(BA106)\r',521),('식품가공학및실습','제1전공선택','식품영양학전공','3학년','이미혜','화7~9(V204), 목7~8(V204)\r',522),('식품미생물학','제1전공선택','식품영양학전공','3학년','심혜정','금6~8(V105)\r',523),('식품영양의이론과실제','전공기초','식품영양학전공','전학년','이미혜','수6~7(N212), 월7(N212)\r',524),('식품위생및관계법규','제1전공선택','식품영양학전공','4학년','김석신','목3(N409), 화2~3(N409)\r',525),('식품학','제1전공선택','식품영양학전공','2학년','심혜정','수1~3(M305)\r',526),('신용위험모델링','제1전공선택','금융공학융복합전공','4학년','전인태','목7~10(M306)\r',527),('신학개론','제1전공선택','종교학과','2학년','최우혁','화7~9(V208)\r',528),('신호처리개론','제1전공선택','미디어기술콘텐츠학과','2학년','김정훈','수1~3(D540)\r',529),('신화와인간','중핵교양필수','프랑스어문화학과','전학년','황의조','화6(N407), 목5~6(N407)\r',530),('신화와철학','중핵교양필수','철학전공','전학년','김길수','월1~3(BA203)\r',531),('신화와철학','중핵교양필수','철학전공','전학년','윤지선','월7~9(G104)\r',532),('신화와철학','중핵교양필수','철학전공','전학년','정준영','수2~4(V104)\r',533),('신화와철학','중핵교양필수','철학전공','전학년','홍진후','목5~7(G104)\r',534),('실내디자인론','제1전공선택','소비자주거학전공','3학년','정미렴','화7~8(M305), 목7(M305)\r',535),('실내악앙상블1','제1전공선택','음악과','3학년','부윤정','수8~9(A334)\r',536),('실내코디네이션','제1전공선택','소비자주거학전공','3학년','정미렴','월6~9(D208)\r',537),('실시간운영체제','제1전공선택','정보통신전자공학부','3학년','바실리','화6(D503), 목5~6(D503)\r',538),('실용영문법1','제1전공선택','영미언어문화학부','2학년','김은주','화1(G110), 목1~2(G110)\r',539),('실용영문법1','제1전공선택','영미언어문화학부','2학년','이창봉','월6(D301), 수4~5(D301)\r',540),('실용한자','자유선택교양','국어국문학전공','전학년','이택동','목8~10(N103)\r',541),('실제업무속의프랑스어','제1전공선택','프랑스어문화학과','4학년','안토니 코레아','화2~3(V207), 목3(V207)\r',542),('실험조리','제1전공선택','식품영양학전공','2학년','오명숙','화5~6(V208), 목4~5(V208), 목6(D501)\r',543),('심리검사및실습','제1전공선택','심리학전공','4학년','윤황','화7~9(N209)\r',544),('심리통계','제1전공필수','심리학전공','2학년','맹세호','목4~6(N208)\r',545),('심리통계','제1전공필수','심리학전공','2학년','정윤재','수2~3(N301), 금3(N301)\r',546),('심리학개론','전공기초','심리학전공','전학년','정윤재','수1(N301), 금1~2(N301)\r',547),('심리학개론','전공기초','심리학전공','전학년','정윤재','월7(N301), 수6~7(N301)\r',548),('심리학연구법','제1전공선택','심리학전공','3학년','조성호','화2~3(M301), 목3(M301)\r',549),('심화연구1','제1전공선택','생명공학전공','4학년','남재환','화9(N317), 목9~10(N317)\r',550),('아날로그VLSI설계','제1전공선택','정보통신전자공학부','4학년','우두형','월8(V212), 금5~6(V212)\r',551),('아동가족연구방법론','제1전공선택','아동학전공','3학년','이미숙','화6(N413), 목5~6(N413)\r',552),('아동건강교육','제1전공선택','아동학전공','3학년','김충일','화7~9(N210)\r',553),('아동상담','제1전공선택','아동학전공','3학년','임진영','목7~9(M411)\r',554),('아동수학지도','제1전공선택','아동학전공','3학년','최나야','화2~3(V105), 목3(V105)\r',555),('아동에대한이해','중핵교양필수','아동학전공','전학년','문혁준','화4~5(M414), 목4(M414)\r',556),('아동에대한이해','중핵교양필수','아동학전공','전학년','문혁준','화6(M414), 목5~6(M414)\r',557),('아동학개론','전공기초','아동학전공','전학년','이경례','수1(N208), 금1~2(N208)\r',558),('아동학개론','전공기초','아동학전공','전학년','이경례','월7(N208), 수6~7(N208)\r',559),('아우구스티누스철학','제1전공선택','철학전공','3학년','정현석','월5(V207), 수3~4(V207)\r',560),('악기론1','제1전공선택','음악과','2학년','한옥미','월3~4(A202)\r',561),('안전심리코칭및실습','제1전공선택','심리학전공','4학년','정지희','금2~4(G100)\r',562),('알고리즘설계','제1전공선택','컴퓨터정보공학부','4학년','박정흠','화6(BA304), 목5~6(BA304)\r',563),('약무행정실무실습','제1전공필수','약학과','6학년','허태회','화9(NP105)\r',564),('약물동태학','제1전공필수','약학과','5학년','배수현','수7~9(NP111)\r',565),('약물송달학','제1전공필수','약학과','5학년','강한창','수5~6(NP111), 목3(NP111)\r',566),('약물치료학1','제1전공필수','약학과','5학년','임성실','월3(NP111), 화6~7(NP111)\r',567),('약물치료학2','제1전공필수','약학과','5학년','임성실','월6~7(NP111), 화3(NP111)\r',568),('약물치료학3','제1전공필수','약학과','5학년','나현오','목7~9(NP111)\r',569),('약물학1','제1전공필수','약학과','4학년','곽미경','월5~6(NP110), 수3(NP110)\r',570),('약사법규','제1전공필수','약학과','6학년','손경복','월1~3(NP105)\r',571),('약전및품질관리','제1전공필수','약학과','6학년','오의철, 서재홍','화1~3(NP105)\r',572),('약품물리화학2','제1전공필수','약학과','4학년','강한창','화2~3(NP110), 목2(NP110)\r',573),('약품미생물학','제1전공필수','약학과','3학년','허태회','화7~8(NP106), 목7(NP106)\r',574),('약품분석학1','제1전공필수','약학과','3학년','김주현','화2(NP106), 금2~3(NP106)\r',575),('약품생화학1','제1전공필수','약학과','3학년','조용연','화3(NP106), 수2~3(NP106)\r',576),('약품제조화학1','제1전공필수','약학과','4학년','서재홍','금2~3(NP110)\r',577),('약학실습1','제1전공필수','약학과','3학년','허태회, 최진성, 조용연, 김주현','월5~10(NP106)\r',578),('약학실습3','제1전공필수','약학과','4학년','곽미경, 이주영','목5~10(NP110)\r',579),('약화학','제1전공필수','약학과','3학년','신계정, 서재홍','목5~6(NP106), 금5(NP106)\r',580),('양자역학1','제1전공필수','물리학전공','3학년','박수찬','화2~3(N321), 목3(N321)\r',581),('언어와젠더','제1전공선택','영미언어문화학부','4학년','전종일','월7(IH360), 수6~7(IH360)\r',582),('언어지도','제1전공선택','아동학전공','2학년','최나야','화6(M411), 목5~6(M411)\r',583),('언어학개론','전공기초','국어국문학전공','전학년','서승완','수1(M410), 금1~2(M410)\r',584),('언어학개론','전공기초','국어국문학전공','전학년','서승완','월7(N312), 수6~7(N312)\r',585),('에듀테인먼트스토리텔링','제1전공선택','스토리텔링융복합전공','3학년','강미선','수4~5(BA107), 월6(BA107)\r',586),('에로스와철학','제1전공선택','철학전공','3학년','윤지선','화4~6(V213)\r',587),('여성커리어와리더십','중핵교양필수','취업지원팀','전학년','유희','수2~3(N309), 금3(N309)\r',588),('역사교과교육론','제1전공선택','국사학전공','3학년','김은영','목7~9(BA102)\r',589),('역학1','제1전공필수','물리학전공','2학년','박정만','화4~5(D303), 목4(D303)\r',590),('연극의이해','자유선택교양','국어국문학전공','전학년','이영석','월1~3(N213)\r',591),('연주1','제1전공필수','음악과','2학년','한옥미','금3~4()\r',592),('열및통계물리학2','제1전공선택','물리학전공','4학년','마크앤클리프','화6(D303), 목5~6(D303)\r',593),('영문학개관1','제1전공선택','영미언어문화학부','2학년','박주식','화4~5(IH234), 목4(IH234)\r',594),('영문학의이해','전공기초','영미언어문화학부','전학년','김진나','월7(IH234), 수6~7(IH234)\r',595),('영문학의이해','전공기초','영미언어문화학부','전학년','이두진','목8(IH234), 금5~6(IH234)\r',596),('영미대중문화의이해','제1전공선택','영미언어문화학부','3학년','엘리자베스 루트','목8~10(IH269)\r',597),('영미문학과자아탐구','제1전공선택','영미언어문화학부','3학년','김진나','월6(IH356), 수4~5(IH356)\r',598),('영미문화와테크놀로지','중핵교양필수','영미언어문화학부','전학년','김연진','월4~5(IH356), 금4(IH356)\r',599),('영미문화의이해','전공기초','영미언어문화학부','전학년','김연진','금1~3(IH360)\r',600),('영미문화의이해','전공기초','영미언어문화학부','전학년','이벳트 머독','수4~5(IH360), 월6(IH360)\r',601),('영미소설의이해','제1전공선택','영미언어문화학부','2학년','유연주','금7~9(IH338)\r',602),('영미시의주제','제1전공선택','영미언어문화학부','3학년','이두진','화7~8(IH269), 목7(IH269)\r',603),('영미언어문화캡스톤디자인','제1전공선택','영미언어문화학부','3학년','서성기','화10~11(G109), 목10(G109)\r',604),('영미희곡의이해','제1전공선택','영미언어문화학부','2학년','김진나','화2~3(IH338), 목3(IH338)\r',605),('영상및비디오처리','제1전공선택','미디어기술콘텐츠학과','3학년','김정언','수7~10(D540)\r',606),('영상연출과연기실습','제1전공선택','미디어기술콘텐츠학과','3학년','이화정','월5~7(V112)\r',607),('영상연출과연기실습','제1전공선택','미디어기술콘텐츠학과','3학년','정성원','금2~4(V104)\r',608),('영상이론과실습','제1전공선택','글로컬문화스토리텔링융복합전공','4학년','윤혜영','화2~3(M304), 목3(M304)\r',609),('영상제작세미나','제1전공선택','미디어기술콘텐츠학과','3학년','이근','금7~9(D411)\r',610),('영상창작기초','제1전공선택','미디어기술콘텐츠학과','2학년','김경호','화4~5(D411), 목4(D411)\r',611),('영상창작기초','제1전공선택','미디어기술콘텐츠학과','2학년','유현승','화1~3(D411)\r',612),('영상처리','제1전공선택','정보통신전자공학부','4학년','이창우','월4~5(M301), 금4(M301)\r',613),('영상편집과특수효과1','제1전공선택','미디어기술콘텐츠학과','3학년','이민희','월2~4(D411)\r',614),('영상편집과특수효과1','제1전공선택','미디어기술콘텐츠학과','3학년','최정호','금4~6(D411)\r',615),('영성(삶,영혼그리고예수)','기초교양필수','학부대학','2학년','김남희','목5~6(N219)\r',616),('영성(삶,영혼그리고예수)','기초교양필수','학부대학','2학년','김남희','화4~5(N219)\r',617),('영성(삶,영혼그리고예수)','기초교양필수','학부대학','2학년','서한석','목8~9(N112)\r',618),('영성(삶,영혼그리고예수)','기초교양필수','학부대학','2학년','서한석','수6~7(N219)\r',619),('영성(삶,영혼그리고예수)','기초교양필수','학부대학','2학년','서한석','화6~7(N219)\r',620),('영성(삶,영혼그리고예수)','기초교양필수','학부대학','2학년','손경락','목8~9(M406)\r',621),('영성(삶,영혼그리고예수)','기초교양필수','학부대학','2학년','손경락','수6~7(M406)\r',622),('영성(삶,영혼그리고예수)','기초교양필수','학부대학','2학년','손경락','화6~7(M410)\r',623),('영성(삶,영혼그리고예수)','기초교양필수','학부대학','2학년','신동진','목5~6(M407)\r',624),('영성(삶,영혼그리고예수)','기초교양필수','학부대학','2학년','신동진','목8~9(N219)\r',625),('영성(삶,영혼그리고예수)','기초교양필수','학부대학','2학년','신동진','수6~7(M405)\r',626),('영성(삶,영혼그리고예수)','기초교양필수','학부대학','2학년','신동진','화4~5(M402)\r',627),('영성(삶,영혼그리고예수)','기초교양필수','학부대학','2학년','안세환','수6~7(M410)\r',628),('영성(삶,영혼그리고예수)','기초교양필수','학부대학','2학년','안세환','화6~7(N211)\r',629),('영성(삶,영혼그리고예수)','기초교양필수','학부대학','2학년','안수정','목8~9(M407)\r',630),('영성(삶,영혼그리고예수)','기초교양필수','학부대학','2학년','안수정','화4~5(M410)\r',631),('영성(삶,영혼그리고예수)','기초교양필수','학부대학','2학년','윤인선','목5~6(N211)\r',632),('영성(삶,영혼그리고예수)','기초교양필수','학부대학','2학년','윤인선','월10~11(V313)\r',633),('영성(삶,영혼그리고예수)','기초교양필수','학부대학','2학년','전두병','목5~6(M410)\r',634),('영성(삶,영혼그리고예수)','기초교양필수','학부대학','2학년','전두병','목8~9(M410)\r',635),('영성(삶,영혼그리고예수)','기초교양필수','학부대학','2학년','전두병','화4~5(M403)\r',636),('영성(삶,영혼그리고예수)','기초교양필수','학부대학','2학년','정은기','목8~9(M405)\r',637),('영성(삶,영혼그리고예수)','기초교양필수','학부대학','2학년','지재구','수6~7(M407)\r',638),('영성(삶,영혼그리고예수)','기초교양필수','학부대학','2학년','한영만','수6~7(N211)\r',639),('영성(삶,영혼그리고예수)','기초교양필수','학부대학','2학년','한영만','화4~5(N211)\r',640),('영성Ⅱ(가톨릭사상과인간의제문제)','기초교양필수','학부대학','3학년','민남현','화4~5(V313)\r',641),('영성Ⅱ(생명윤리학)','기초교양필수','학부대학','3학년','최진일','목8~9(V313)\r',642),('영시의이해','제1전공선택','영미언어문화학부','2학년','이두진','화4~5(IH360), 목4(IH360)\r',643),('영아발달','제1전공선택','아동학전공','2학년','신유림','월4~5(N406), 금4(N406)\r',644),('영양학','제1전공선택','식품영양학전공','3학년','손숙미','월8(M411), 수7~8(M411)\r',645),('영양화학','제1전공선택','식품영양학전공','3학년','손숙미','월2~3(N310), 금3(N310)\r',646),('영어1','기초교양필수','국제언어교육원','1학년','이원석','목4~5(IH348)\r',647),('영어2','기초교양필수','국제언어교육원','1학년','이원석','목7~8(IH348)\r',648),('영어교과교육론','제1전공선택','영미언어문화학부','3학년','심영숙','수6~7(IH348), 월7(IH348)\r',649),('영어딕션','제1전공선택','음악과','3학년','이춘혜','목5(A203)\r',650),('영어로표현하는한국문화','제1전공선택','영미언어문화학부','4학년','이벳트 머독','화2~3(G109), 목3(G109)\r',651),('영어발음이론과훈련','제1전공선택','영미언어문화학부','2학년','전종일','수1(IH239), 금1~2(IH239)\r',652),('영어발표연습1','제1전공선택','영미언어문화학부','3학년','김지윤','화4~5(G110), 목4(G110)\r',653),('영어에세이쓰기1','제1전공선택','영미언어문화학부','3학년','김연진','화7~9(IH356)\r',654),('영어의이해:듣기와말하기1','제1전공선택','영미언어문화학부','2학년','에릭탐슨','화2~3(G110), 목3(G110)\r',655),('영어의이해:듣기와말하기1','제1전공선택','영미언어문화학부','2학년','이벳트 머독','화6(G110), 목5~6(G110)\r',656),('영어의이해:읽기와쓰기1','제1전공선택','영미언어문화학부','2학년','김연진','월7(IH342), 수6~7(IH342)\r',657),('영어청해의원리와응용','제1전공선택','영미언어문화학부','2학년','심영숙','수2~3(IH239), 금3(IH239)\r',658),('영어학의이해1:어휘형태와구문분석','제1전공선택','영미언어문화학부','3학년','서성기','월8(D301), 금5~6(D301)\r',659),('영어학의이해2:의미와화용','제1전공선택','영미언어문화학부','3학년','김은주','화6(IH360), 목5~6(IH360)\r',660),('영화의이해','자유선택교양','국어국문학전공','전학년','이승민','목1~3(N210)\r',661),('영화의이해','자유선택교양','국어국문학전공','전학년','이승민','목6~8(NP117)\r',662),('예방약학1','제1전공필수','약학과','4학년','이주영','월7(NP110), 금5~6(NP110)\r',663),('예비부모교육','자유선택교양','아동학전공','전학년','전은다','화7~9(N218)\r',664),('예술개론','자유선택교양','음악과','전학년','신인선','금5~7(NP117)\r',665),('오르간문헌1','제1전공선택','음악과','3학년','최주용','목2~3(A104)\r',666),('오페라앙상블2','제1전공선택','음악과','3학년','이춘혜, 장수민','월6(A203)\r',667),('오페라워크숍1','제1전공선택','음악과','3학년','장영아','수5~6(A203)\r',668),('오페라워크숍3','제1전공선택','음악과','4학년','장영아, 김동원','수3~4(A203)\r',669),('외교정책결정과정론','제1전공선택','국제학부','3학년','박건영','목4~5(IH356), 화6(IH356)\r',670),('외국인유학생을위한글로벌한국문화','중핵교양필수','학부대학','전학년','최선경','화6(M402), 목5~6(M402)\r',671),('용수자원화공학','제1전공선택','환경공학전공','3학년','한기봉','화2~3(M305), 목3(M305)\r',672),('우리시대의셰익스피어','중핵교양필수','영미언어문화학부','전학년','박주희','화4~5(IH338), 목4(IH338)\r',673),('운영체제','제1전공선택','컴퓨터정보공학부','3학년','박경모','월8(M211), 금5~6(M211)\r',674),('운영체제','제1전공선택','컴퓨터정보공학부','3학년','박경모','화4~5(M302), 목4(M302)\r',675),('원가회계','제1전공선택','회계학전공','2학년','안성희','목3(N218), 화2~3(N218)\r',676),('원가회계','제1전공선택','회계학전공','2학년','안성희','수8~9(N318), 금9(N318)\r',677),('웹서비스컴퓨팅','제1전공선택','컴퓨터정보공학부','4학년','양정진','월7(N321), 수6~7(N321)\r',678),('위상수학1','제1전공선택','수학전공','3학년','이두범','화2~3(BA204), 목3(BA204)\r',679),('유교와도교','제1전공선택','종교학과','3학년','김남희','수4~6(N415)\r',680),('유기구조결정론','제1전공선택','화학전공','3학년','이기연','월4~5(N307), 금4(N307)\r',681),('유기재료화학','제1전공선택','화학전공','4학년','강인남','월6(N321), 수4~5(N321)\r',682),('유기화학1','제1전공필수','화학전공','2학년','강인남','월3(N218), 수8~9(N218)\r',683),('유기화학1','제1전공필수','화학전공','2학년','이기연','월3(N317), 수8~9(N317)\r',684),('유기화학3','제1전공선택','화학전공','3학년','이기연','화1(N312), 목1~2(N312)\r',685),('유럽문화이해와비즈니스전략','제1전공선택','글로벌인문경영융복합전공','2학년','김세원','월6(N412), 수4~5(N412)\r',686),('유럽정치론','제1전공선택','국제학부','3학년','베네딕트드도미닉','월8(IH342), 금5~6(IH342)\r',687),('유아교과교육론','제1전공선택','아동학전공','3학년','김지연','월4~6(BA106)\r',688),('유아교육론','제1전공선택','아동학전공','2학년','최윤희','수1~3(M411)\r',689),('유전학및실험','제1전공선택','생명과학전공','2학년','이하규','월2~3(D236), 금1~3(D701)\r',690),('윤리학','제1전공선택','철학전공','3학년','우환식','월3(M414), 수6~7(M414)\r',691),('윤리학명저강독','제1전공선택','철학전공','4학년','임정석','월4~5(BA102), 금4(BA102)\r',692),('음성학기초','제1전공선택','프랑스어문화학과','2학년','안보옥','화6(N410), 목5~6(N410)\r',693),('음식윤리','중핵교양필수','식품영양학전공','전학년','김석신','화6(N412), 목5~6(N412)\r',694),('음악교과교육론','제1전공선택','음악과','3학년','신영예','월2~4(A104)\r',695),('음악사1','제1전공필수','음악과','2학년','이남림','화2~4(V321)\r',696),('음악치료','자유선택교양','음악과','전학년','정영주','수2~3(NP117)\r',697),('음악치료','자유선택교양','음악과','전학년','정영주','수4~5(NP117)\r',698),('음악형식','제1전공필수','음악과','3학년','임재의','화8~10(A201)\r',699),('의료사회사업론','제1전공선택','사회복지학전공','3학년','홍지영','목1~3(V214)\r',700),('의류소재분석','제1전공선택','의류학전공','3학년','최연주','화5~8(D334)\r',701),('의복과인체','전공기초','의류학전공','전학년','이경화','수1(M403), 금1~2(M403)\r',702),('의복과인체','전공기초','의류학전공','전학년','이경화','월7(N101), 수6~7(N101)\r',703),('의사소통교육론','제1전공선택','국어국문학전공','4학년','이상민','화6(V204), 목5~6(V204)\r',704),('의사소통장애아교육','제1전공선택','특수교육과','2학년','장혜성','월5(M413), 수5~6(M413)\r',705),('의상교과교육론','제1전공선택','의류학전공','3학년','최현옥','금1~3(V205)\r',706),('의상교과교재연구및지도법','제1전공선택','의류학전공','3학년','김수경','목6~8(D401)\r',707),('의약나노바이오캡스톤디자인','제1전공선택','의약나노바이오융복합전공','4학년','이은성','화9~10(N310), 목8~10(N310)\r',708),('의약화학1','제1전공필수','약학과','4학년','신계정','수5~6(NP110)\r',709),('이태리어1','중핵교양필수','프랑스어문화학과','전학년','페니시 에밀리아노','화2~3(V205), 목3(V205)\r',710),('이태리어딕션','제1전공선택','음악과','1학년','이춘혜, 이광희, 장수민','월5(A203)\r',711),('인간과컴퓨터상호작용','제1전공선택','미디어기술콘텐츠학과','4학년','이상국','수8~9(N309), 금9(N309)\r',712),('인간관계','자유선택교양','심리학전공','전학년','최가희','수8~10(N308)\r',713),('인간생명의의미','중핵교양필수','학부대학','전학년','지영현','화5~7(N208)\r',714),('인간자원개발론','평생교육','교직과','전학년','박재현','금4~6(M401)\r',715),('인간학1','기초교양필수','학부대학','1학년','김남희','금5~6(M403)\r',716),('인간학1','기초교양필수','학부대학','1학년','김남희','화2~3(N219)\r',717),('인간학1','기초교양필수','학부대학','1학년','방담이','월2~3(N211)\r',718),('인간학1','기초교양필수','학부대학','1학년','백소연','금3~4(M403)\r',719),('인간학1','기초교양필수','학부대학','1학년','백소연','수10~11(V313)\r',720),('인간학1','기초교양필수','학부대학','1학년','백소연','수2~3(M402)\r',721),('인간학1','기초교양필수','학부대학','1학년','백소연','월2~3(V214)\r',722),('인간학1','기초교양필수','학부대학','1학년','백소연','월4~5(N211)\r',723),('인간학1','기초교양필수','학부대학','1학년','서한석','화2~3(N211)\r',724),('인간학1','기초교양필수','학부대학','1학년','손경락','목1~2(M302)\r',725),('인간학1','기초교양필수','학부대학','1학년','손경락','수2~3(N211)\r',726),('인간학1','기초교양필수','학부대학','1학년','손경락','월4~5(M402)\r',727),('인간학1','기초교양필수','학부대학','1학년','안수정','수4~5(N219)\r',728),('인간학1','기초교양필수','학부대학','1학년','안수정','월2~3(N112)\r',729),('인간학1','기초교양필수','학부대학','1학년','안수정','월4~5(N112)\r',730),('인간학1','기초교양필수','학부대학','1학년','안수정','화8~9(M411)\r',731),('인간학1','기초교양필수','학부대학','1학년','윤인선','목1~2(N211)\r',732),('인간학1','기초교양필수','학부대학','1학년','윤인선','수2~3(M403)\r',733),('인간학1','기초교양필수','학부대학','1학년','윤인선','수4~5(M403)\r',734),('인간학1','기초교양필수','학부대학','1학년','이상민','수2~3(N219)\r',735),('인간학1','기초교양필수','학부대학','1학년','이원봉','수2~3(M410)\r',736),('인간학1','기초교양필수','학부대학','1학년','이원봉','월2~3(M410)\r',737),('인간학1','기초교양필수','학부대학','1학년','이은배','금5~6(M402)\r',738),('인간학1','기초교양필수','학부대학','1학년','이은배','수4~5(M410)\r',739),('인간학1','기초교양필수','학부대학','1학년','이은배','화2~3(M410)\r',740),('인간학1','기초교양필수','학부대학','1학년','이은배','화8~9(N211)\r',741),('인간학1','기초교양필수','학부대학','1학년','전두병','금3~4(N219)\r',742),('인간학1','기초교양필수','학부대학','1학년','전두병','금5~6(N219)\r',743),('인간학1','기초교양필수','학부대학','1학년','전두병','목1~2(N103)\r',744),('인간학1','기초교양필수','학부대학','1학년','전두병','월2~3(N219)\r',745),('인간학1','기초교양필수','학부대학','1학년','정은기','목1~2(N219)\r',746),('인간학1','기초교양필수','학부대학','1학년','정은기','수10~11(V321)\r',747),('인간학1','기초교양필수','학부대학','1학년','정은기','월4~5(M410)\r',748),('인간학1','기초교양필수','학부대학','1학년','정은기','화2~3(M402)\r',749),('인간학1','기초교양필수','학부대학','1학년','조윤아','금3~4(N211)\r',750),('인간학1','기초교양필수','학부대학','1학년','조윤아','화8~9(M403)\r',751),('인간학1','기초교양필수','학부대학','1학년','지재구','금5~6(M410)\r',752),('인간학1','기초교양필수','학부대학','1학년','최선경','수4~5(M402)\r',753),('인간학1','기초교양필수','학부대학','1학년','한길석','금3~4(M410)\r',754),('인간학1','기초교양필수','학부대학','1학년','한길석','금5~6(N211)\r',755),('인간학1','기초교양필수','학부대학','1학년','한길석','수4~5(N211)\r',756),('인간학1','기초교양필수','학부대학','1학년','한길석','월4~5(N219)\r',757),('인간학1','기초교양필수','학부대학','1학년','한길석','화2~3(D236)\r',758),('인간학2','기초교양필수','학부대학','1학년','손경락','화8~9(M410)\r',759),('인공지능','제1전공선택','컴퓨터정보공학부','4학년','노상욱','화4~5(N311), 목4(N311)\r',760),('인공지능프로그래밍설계','제1전공선택','컴퓨터정보공학부','2학년','노상욱','월6~7(D303), 수6~7(D404)\r',761),('인공지능프로그래밍설계','제1전공선택','컴퓨터정보공학부','2학년','노상욱','화7~8(D303), 목7~8(D404)\r',762),('인문#진실과거짓','중핵교양필수','학부대학','전학년','하병학, 조윤아','화4~5(M405), 목4(M405)\r',763),('인문#환상과현실','중핵교양필수','학부대학','전학년','최선경, 이상민','화4~5(M406), 목4(M406)\r',764),('인문경영과고전의지혜','제1전공선택','글로벌인문경영융복합전공','3학년','김지연','월8(N310), 금5~6(N310)\r',765),('인문기초회계','제1전공선택','글로벌인문경영융복합전공','2학년','신철','금5~7(M302)\r',766),('인사관리','제1전공필수','경영학전공','2학년','기리쉬','월1(M402), 수8~9(M402)\r',767),('인사관리','제1전공필수','경영학전공','2학년','박오원','월3(N110), 수8~9(N110)\r',768),('인사행정론','제1전공선택','행정학전공','2학년','채원호','월7(N406), 수6~7(N406)\r',769),('인적자원개발및실습','제1전공선택','심리학전공','4학년','엄윤섭','월7(G110), 수6~7(G110)\r',770),('인지과학','제1전공선택','심리학전공','4학년','김희정','금6~8(G104)\r',771),('인지행동치료및실습','제1전공선택','심리학전공','4학년','박기환','월6(G100), 수4~5(G100)\r',772),('인체생리학','제1전공선택','식품영양학전공','2학년','송윤주','화2~3(N407), 목3(N407)\r',773),('인터렉티브프로젝트실습','제1전공선택','미디어기술콘텐츠학과','4학년','홍진표','목1~3(D411)\r',774),('일반물리학및실험1','전공기초','물리학전공','전학년','박수찬','월6~7(M411), 수5(M411), 수6~7(D637)\r',775),('일반물리학및실험1','전공기초','물리학전공','전학년','서병진','화1~2(D637), 화3(N318), 목2~3(N318)\r',776),('일반물리학및실험1','전공기초','물리학전공','전학년','윤석원','월8~9(N407), 금7(N407), 금8~9(D637)\r',777),('일반물리학및실험1','전공기초','물리학전공','전학년','윤석원','화5~6(V321), 목4(V321), 목5~6(D637)\r',778),('일반미생물학','제1전공선택','생명공학전공','2학년','황혜진','월4~5(N312), 금8(N312)\r',779),('일반생물학및실험1','전공기초','생명과학전공','전학년','이경','화1~2(D701), 화3(N411), 목2~3(N411)\r',780),('일반생물학및실험1','전공기초','생명과학전공','전학년','이하규','월6~7(N209), 수5(N209), 수6~7(D701)\r',781),('일반생물학및실험1','전공기초','생명과학전공','전학년','하영미','화1~3(N110), 목2~3(D701)\r',782),('일반수학1및연습','전공기초','수학전공','1학년','경일호','월8~9(N319), 금7~9(N319)\r',783),('일반수학1및연습','전공기초','수학전공','1학년','계정연','월8~9(BA304), 금7~9(BA304)\r',784),('일반수학1및연습','전공기초','수학전공','1학년','김성훈','화1~3(N317), 목2~3(N317)\r',785),('일반수학1및연습','전공기초','수학전공','1학년','김현주','월6~7(N317), 수5~7(N317)\r',786),('일반수학1및연습','전공기초','수학전공','1학년','박태준','월6~7(BA204), 수5~7(BA204)\r',787),('일반수학1및연습','전공기초','수학전공','1학년','방금성','화1~3(BA304), 목2~3(BA304)\r',788),('일반수학1및연습','전공기초','수학전공','1학년','배선옥','월6~7(N319), 수5~7(N319)\r',789),('일반수학1및연습','전공기초','수학전공','1학년','장혜영','월8~9(N317), 금7~9(N317)\r',790),('일반수학1및연습','전공기초','수학전공','1학년','전경숙','월8~9(IH360), 금7~9(IH360)\r',791),('일반수학1및연습','전공기초','수학전공','1학년','최이선','월6~7(BA304), 수5~7(BA304)\r',792),('일반화학및실험','전공기초','화학전공','전학년','이승은','월8(N218), 월9~10(D601), 금7~8(N218)\r',793),('일반화학및실험1','전공기초','화학전공','전학년','김중한','월8~9(N405), 금7(N405), 금8~9(D601)\r',794),('일반화학및실험1','전공기초','화학전공','전학년','신유주','화1~2(D601), 화3(N311), 목2~3(N311)\r',795),('일반화학및실험1','전공기초','화학전공','전학년','이상민','수5(M414), 월6~7(M414), 수6~7(D601)\r',796),('일반화학및실험1','전공기초','화학전공','전학년','이향애','화3(N412), 화10~11(D601), 목2~3(N412)\r',797),('일본문학의이해','제1전공선택','일어일본문화전공','3학년','이승진','금7~9(M212)\r',798),('일본문화','제1전공선택','일어일본문화전공','4학년','최창완','화2~3(N410), 목3(N410)\r',799),('일본사회와문화1','제1전공선택','일어일본문화전공','2학년','강석우','화3(N320), 목2~3(N320)\r',800),('일본어경어표현','제1전공선택','일어일본문화전공','3학년','강석우','월4~5(V213), 금3(V213)\r',801),('일본어교과교육론','제1전공선택','일어일본문화전공','3학년','최창완','월8~9(N413), 수1(N413)\r',802),('일본어작문','제1전공선택','일어일본문화전공','2학년','NAGATASAORI','수6~7(V205), 월7(V205)\r',803),('일본어학입문','전공기초','일어일본문화전공','전학년','최선희','화6(V111), 목5~6(V111)\r',804),('일본어학입문','전공기초','일어일본문화전공','전학년','최혜정','수1~3(N307)\r',805),('일본어한자의이해','제1전공선택','일어일본문화전공','2학년','최은희','화7~8(V212), 목7(V212)\r',806),('일본어회화','제1전공선택','일어일본문화전공','2학년','장양광','월6(N112), 수4~5(N112)\r',807),('일본의사회와문화','제1전공선택','국제학부','3학년','한영균','화5~7(BA203)\r',808),('일본의역사와정치','제1전공선택','일어일본문화전공','4학년','이승희','수7~9(V212)\r',809),('일어1','중핵교양필수','일어일본문화전공','전학년','강석우','화4~5(V205), 목4(V205)\r',810),('일어1','중핵교양필수','일어일본문화전공','전학년','김지희','화4~5(BA104), 목4(BA104)\r',811),('일어1','중핵교양필수','일어일본문화전공','전학년','성호현','화4~5(V207), 목4(V207)\r',812),('일어1','중핵교양필수','일어일본문화전공','전학년','최선희','화4~5(BA106), 목4(BA106)\r',813),('일어2','중핵교양필수','일어일본문화전공','전학년','최은희','화6(V205), 목5~6(V205)\r',814),('일어일본문화전공캡스톤디자인','제1전공선택','일어일본문화전공','3학년','우에무라 다카시','월7~9(V208)\r',815),('일한번역의이론과실제','제1전공선택','일어일본문화전공','4학년','오경순','목7~9(BA104)\r',816),('임상심리학','제1전공선택','심리학전공','4학년','양재원','월8~9(N209), 수1(N209)\r',817),('임상적면접및사례관리실습1','제1전공선택','심리학전공','3학년','박기환','월8~10(G110)\r',818),('임상현장실습및지도1','제1전공선택','심리학전공','4학년','이영호','목7~9(G110)\r',819),('자기개발과진로선택','자유선택교양','취업지원팀','전학년','조형래','목7~8(N208)\r',820),('자료구조','제1전공선택','컴퓨터정보공학부','3학년','박정흠','화2~3(N405), 목3(N405)\r',821),('자료구조기초','제1전공선택','컴퓨터정보공학부','2학년','김의찬','화6(B338), 목5~6(B338)\r',822),('자료구조기초','제1전공선택','컴퓨터정보공학부','2학년','황병연','화2~3(D301), 목3(D301)\r',823),('자료구조와알고리즘','제1전공선택','정보통신전자공학부','2학년','정혜진','월6~8(NP117)\r',824),('자료분석및실습','제1전공선택','수학전공','4학년','최이선','월8~9(M304), 수8~9(M304)\r',825),('자본주의와사람중심기업가정신','제1전공선택','글로벌인문경영융복합전공','2학년','김기찬, 이성상','화4~5(N319), 목4(N319)\r',826),('장애아진단및평가','제1전공선택','특수교육과','2학년','박희찬','월8~10(M413)\r',827),('장애인부모교육및상담','제1전공선택','특수교육과','3학년','최국환','화2(N112), 목2~3(N112)\r',828),('장애학생통합교육론','제1전공선택','특수교육과','3학년','박미경','화10~12(M413)\r',829),('장인정신과일본기업의이해','제1전공선택','글로벌인문경영융복합전공','3학년','김영근','화7~9(BA104)\r',830),('재무관리','제1전공필수','경영학전공','2학년','이재영','화9(N308), 목8~9(N308)\r',831),('재무관리','제1전공필수','경영학전공','2학년','장유철','월2~3(IH262), 금3(IH262)\r',832),('재무제표분석과기업가치평가','제1전공선택','회계학전공','4학년','김종일','수2~3(V111), 금3(V111)\r',833),('재무회계','제1전공선택','회계학전공','2학년','김종일','수1(N213), 금1~2(N213)\r',834),('재무회계','제1전공선택','회계학전공','2학년','장홍석','월6~8(BA203)\r',835),('재즈화성','제1전공선택','음악과','4학년','조원주','월5~6(A202)\r',836),('재활실습','제1전공선택','특수교육과','4학년','장혜성','화5~6(M413), 목7(M413)\r',837),('재활행정및정책','제1전공선택','특수교육과','4학년','이석무','수5~7(V207)\r',838),('저널리즘영문글쓰기1','제1전공선택','영미언어문화학부','3학년','이벳트 머독','화1(IH342), 목1~2(IH342)\r',839),('전근대한국사회의경제와생활','제1전공선택','국사학전공','3학년','채웅석','화6(N317), 목5~6(N317)\r',840),('전사적자원관리','제1전공선택','회계학전공','3학년','하주연','토1~3(M304)\r',841),('전산금융학및실습','제1전공선택','수학전공','4학년','전인태','화5~6(D510), 목5~6(D510)\r',842),('전산물리학1','제1전공선택','물리학전공','3학년','박수찬','화4~5(M306), 목4(M306)\r',843),('전시기획론','제1전공선택','문화예술경영전문가융복합전공','3학년','손차혜','화6(V112), 목5~6(V112)\r',844),('전자기학','제1전공선택','정보통신전자공학부','2학년','우두형','월9(N210), 금7~8(N210)\r',845),('전자기학2','제1전공선택','물리학전공','3학년','서병진','화6(D234), 목5~6(D234)\r',846),('전자및컴퓨터음악작곡','제1전공선택','음악과','2학년','조원주','월7~8(A202)\r',847),('전자재료화학','제1전공선택','화학전공','4학년','신유주','화6(V207), 목5~6(V207)\r',848),('전자학','제1전공선택','물리학전공','2학년','정부성','금1~3(N317)\r',849),('전자회로2및실험','제1전공선택','정보통신전자공학부','3학년','우두형','월6~7(V206), 수6~7(V206)\r',850),('전쟁사','자유선택교양','학부대학','전학년','김칠주','수2~3(M107)\r',851),('전쟁사','자유선택교양','학부대학','전학년','김칠주','수5~6(M107)\r',852),('정보시스템개론','제1전공선택','컴퓨터정보공학부','2학년','양정진','수2~3(N409), 금3(N409)\r',853),('정보시스템활용경영혁신','제1전공선택','비즈니스리더융복합전공','3학년','함병현','수8~10(V204)\r',854),('정보암호화','제1전공선택','정보통신전자공학부','3학년','최창열','금2~4(N110)\r',855),('제도및표현기법','제1전공선택','소비자주거학전공','2학년','이영주','화6~9(D209)\r',856),('제도및표현기법','제1전공선택','소비자주거학전공','2학년','전남일','목2~5(D208)\r',857),('제제학1','제1전공필수','약학과','4학년','오의철','화5~6(NP110), 목3(NP110)\r',858),('조류학및실험','제1전공선택','생명과학전공','3학년','윤숙경','화7~9(D701), 목7~8(M211)\r',859),('조리원리및실습','제1전공선택','식품영양학전공','3학년','오명숙','월6(D234), 수4~5(D234), 수6(D501)\r',860),('조사방법론','제1전공필수','행정학전공','2학년','박석희','월6(M305), 수4~5(M305)\r',861),('조사방법론','제1전공필수','행정학전공','2학년','최정열','수2~4(N405)\r',862),('조세론','제1전공선택','경제학전공','4학년','문시열','화2~3(N209), 목3(N209)\r',863),('조세론','제1전공선택','경제학전공','4학년','손동희','화4~5(V204), 목4(V204)\r',864),('조세법개론','제1전공선택','회계학전공','2학년','박경득','수2~4(N209)\r',865),('조세법개론','제1전공선택','회계학전공','2학년','신철','금2~4(N405)\r',866),('조직진단과사례분석','제1전공선택','행정학전공','4학년','정종원','월8~9(M212), 수8(M212)\r',867),('조직행위론','제1전공선택','경영학전공','2학년','기리쉬','화1(M212), 목1~2(M212)\r',868),('조직행위론','제1전공선택','경영학전공','2학년','김영두','수2~4(BA203)\r',869),('조직혁신론','제1전공선택','경영학전공','3학년','박오원','화7~8(N407), 목7(N407)\r',870),('조형디자인스튜디오','제1전공선택','의류학전공','4학년','김수경','월5~6(D435), 월7~8(D401)\r',871),('종교교과교육론','제1전공선택','종교학과','3학년','노혜정','목3~5(IH342)\r',872),('종교문화의논리와흐름','제1전공선택','종교학과','2학년','박일영','월1~3(V204)\r',873),('종교학입문','제1전공선택','종교학과','2학년','박일영','목1~3(N413)\r',874),('종합설계1','제1전공선택','정보통신전자공학부','4학년','정윤찬, 최상호, 우두형, 김윤관','수8~9(N307), 금9~10(N307)\r',875),('종합설계프로젝트1','제1전공선택','컴퓨터정보공학부','4학년','서효중','월4~5(V208), 금4(V208)\r',876),('주거복지및주택정보상담','제1전공선택','소비자주거학전공','4학년','은난순','수2~4(BA104)\r',877),('주거학','제1전공선택','소비자주거학전공','2학년','최유림','월6~8(V104)\r',878),('주택설계','제1전공선택','소비자주거학전공','3학년','전남일','화2~5(D208)\r',879),('중국경제사','제1전공선택','국제학부','2학년','한동훈','월8~9(IH234), 수8(IH234)\r',880),('중국경제사','제1전공선택','국제학부','2학년','한동훈','화1(IH340), 목1~2(IH340)\r',881),('중국문화와비즈니스','제1전공선택','중국언어문화전공','4학년','박종한','수2~4(IH269)\r',882),('중국문화의이해','전공기초','중국언어문화전공','전학년','박종한','수1(D301), 금1~2(D301)\r',883),('중국문화의이해','전공기초','중국언어문화전공','전학년','이윤희','월7(V105), 수6~7(V105)\r',884),('중국사상의현대적이해','제1전공선택','중국언어문화전공','2학년','김의진','월8~9(N409), 수8(N409)\r',885),('중국어교과교육론','제1전공선택','중국언어문화전공','3학년','박덕준','월7(N408), 수6~7(N408)\r',886),('중국어교과교재연구및지도법','제1전공선택','중국언어문화전공','3학년','이현주','목7~9(BA103)\r',887),('중국어문법의이해','제1전공선택','중국언어문화전공','2학년','박덕준','화7~8(N311), 목7(N311)\r',888),('중국어작문','제1전공선택','중국언어문화전공','3학년','두해영','월4~5(N321), 금4(N321)\r',889),('중국언어문화캡스톤디자인','제1전공선택','중국언어문화전공','3학년','박덕준','수2~3(N321), 금3(N321)\r',890),('중국외교정책론','제1전공선택','국제학부','3학년','김재철','화2~3(IH360), 목3(IH360)\r',891),('중국전통문학의이해','제1전공선택','중국언어문화전공','2학년','한혜경','월6(M301), 수4~5(M301)\r',892),('중국철학사','제1전공선택','철학전공','3학년','김선희','목2~4(M402)\r',893),('중국투자와통상캡스톤디자인','제1전공선택','국제학부','3학년','한동훈','월7(IH262), 수6~7(IH262)\r',894),('중국현대문학감상','제1전공선택','중국언어문화전공','3학년','김의진','화6(N409), 목5~6(N409)\r',895),('중국현대문학특강','제1전공선택','중국언어문화전공','4학년','김의진','화9(V104), 목8~9(V104)\r',896),('중국현대희곡','제1전공선택','중국언어문화전공','3학년','이윤희','월6(V205), 수4~5(V205)\r',897),('중급실용영어회화','자유선택교양','국제언어교육원','전학년','코리엔르럭스','화9(IH244), 목8~9(IH244)\r',898),('중급실용일본어문법','제1전공선택','일어일본문화전공','2학년','신원선','월4~5(N408), 금4(N408)\r',899),('중급중국어회화','제1전공필수','중국언어문화전공','2학년','김진희','화1(M406), 목1~2(M406)\r',900),('중급중국어회화','제1전공필수','중국언어문화전공','2학년','두해영','화1(V205), 목1~2(V205)\r',901),('중급프랑스어','제1전공선택','프랑스어문화학과','2학년','안보옥','화7~8(N408), 목7(N408)\r',902),('중급회계1','제1전공필수','회계학전공','2학년','안성윤','화1(N308), 목1~2(N308)\r',903),('중급회계1','제1전공필수','회계학전공','2학년','이세용','월8~9(N213), 수8(N213)\r',904),('중급회계2','제1전공선택','회계학전공','2학년','육지훈','화1~3(M213)\r',905),('중어1','중핵교양필수','중국언어문화전공','전학년','고재원','화4~5(N415), 목4(N415)\r',906),('중어1','중핵교양필수','중국언어문화전공','전학년','김진희','화4~5(BA202), 목4(BA202)\r',907),('중어1','중핵교양필수','중국언어문화전공','전학년','신주현','화4~5(N320), 목4(N320)\r',908),('중어1','중핵교양필수','중국언어문화전공','전학년','이계화','화4~5(N414), 목4(N414)\r',909),('중어1','중핵교양필수','중국언어문화전공','전학년','이수영','화4~5(BA204), 목4(BA204)\r',910),('중어1','중핵교양필수','중국언어문화전공','전학년','이윤희','화4~5(BA107), 목4(BA107)\r',911),('중한번역입문','제1전공선택','중국언어문화전공','2학년','박덕준','화2~3(N415), 목3(N415)\r',912),('지방정치와지방의회','제1전공선택','행정학전공','3학년','이종원, 조강주','화7~8(M414), 목7(M414)\r',913),('지역개발론','제1전공선택','행정학전공','4학년','조강주','수1~3(N415)\r',914),('지역문화와사회탐구세미나','제1전공선택','글로벌인문경영융복합전공','3학년','김주원','월7(N320), 수6~7(N320)\r',915),('지역사회복지론','제1전공선택','사회복지학전공','3학년','김찬우','월6(N406), 수4~5(N406)\r',916),('지역사회복지론','제1전공선택','사회복지학전공','3학년','최정근','목7~9(M403)\r',917),('지역사회심리실무실습','제1전공선택','심리학전공','4학년','엄윤섭','\r',918),('지역사회영양학','제1전공선택','식품영양학전공','3학년','송윤주','화6(N209), 목5~6(N209)\r',919),('지역연구입문','전공기초','국제학부','전학년','오승희','목5~7(IH338)\r',920),('지체장애아교육','제1전공선택','특수교육과','4학년','장혜성','월4(M413), 목5~6(M413)\r',921),('지혜문학해설','제1전공선택','종교학과','4학년','박영식','수7~9(N415)\r',922),('직무교육개론','중핵교양필수','취업지원팀','전학년','최현정','월4~6(V111)\r',923),('직업교육교과교육론','제1전공선택','특수교육과','3학년','김창배','월6~8(V207)\r',924),('직업의이해','중핵교양필수','취업지원팀','전학년','조재한','수1~3(N312)\r',925),('직업재활개론','제1전공선택','특수교육과','2학년','최국환','월6(M413), 금3~4(M413)\r',926),('직업적응훈련','제1전공선택','특수교육과','4학년','박희찬','화7~8(M413), 목9(M413)\r',927),('직업특수교육지도의논리및윤리','제1전공선택','특수교육과','4학년','이상훈','월2~3(M413), 수3(M413)\r',928),('직장생활과법','자유선택교양','법학전공','전학년','이홍민','화9(V321), 목8~9(V321)\r',929),('진로상담및실습','제1전공선택','심리학전공','3학년','유금란','화7~8(G100), 목7(G100)\r',930),('창업경영전략','자유선택교양','창업지원팀','전학년','함병현','월6~7(V313)\r',931),('창의공학설계','제1전공선택','정보통신전자공학부','2학년','김윤관','화4~5(M411), 목4(M411)\r',932),('창의입문설계','제1전공선택','미디어기술콘텐츠학과','2학년','이상국','금4(D540), 월4~5(D540)\r',933),('창의적미디어프로젝트종합설계','제1전공선택','미디어기술콘텐츠학과','4학년','최병관','수5(D303), 목5~6(D301)\r',934),('창의적콘텐츠프로젝트종합설계','제1전공선택','미디어기술콘텐츠학과','4학년','서채환','화7~8(V214), 목7(V214)\r',935),('채권각론','제1전공선택','법학전공','3학년','이홍민','화2~3(N312), 목3(N312)\r',936),('철학교과교육론','제1전공선택','철학전공','3학년','김진아','목7~9(M401)\r',937),('철학의흐름','전공기초','철학전공','전학년','서병창','목1~3(V321)\r',938),('철학적인간학','제1전공선택','철학전공','2학년','신승환','수2~3(N407), 금2(N407)\r',939),('청소년복지론','제1전공선택','사회복지학전공','3학년','이상균','월8~9(N211), 수8(N211)\r',940),('청소년상담및실습','제1전공선택','심리학전공','4학년','유금란','화2~3(G100), 목3(G100)\r',941),('청음1','전공기초','음악과','1학년','최종윤','금5(A201)\r',942),('청음3','제1전공필수','음악과','2학년','홍승연','수7(A201)\r',943),('취업준비와사회진출','자유선택교양','취업지원팀','전학년','조형래','화7~8(V321)\r',944),('치유공간과공간마케팅','제1전공선택','소비자주거학전공','4학년','정미렴','화2~3(V204), 목3(V204)\r',945),('캡스톤디자인:데이터분석프로젝트','제1전공선택','경영학전공','4학년','이홍주','수11~13(V214)\r',946),('캡스톤디자인:소셜벤처창업','제1전공선택','경영학전공','4학년','라준영','월4~5(V204), 금5~6(V204)\r',947),('커뮤니케이션일본어','제1전공선택','일어일본문화전공','4학년','김지희','화1(N410), 목1~2(N410)\r',948),('컴퓨터그래픽','자유선택교양','사회학전공','전학년','허진아','목4~6(M307)\r',949),('컴퓨터애니메이션','제1전공선택','미디어기술콘텐츠학과','4학년','최명걸','월6(D540), 수4~5(D540)\r',950),('컴퓨터와프로그래밍1','전공기초','컴퓨터정보공학부','전학년','김은화','월1~2(V111), 월4~5(D409)\r',951),('컴퓨터와프로그래밍1','전공기초','컴퓨터정보공학부','전학년','전준헌','화1~2(N318), 목1~2(D409)\r',952),('컴퓨터와프로그래밍1','전공기초','컴퓨터정보공학부','전학년','홍영진','수4~5(D504), 금7~8(V111)\r',953),('컴퓨터활용과세무','제1전공선택','회계학전공','4학년','박철','월1~3(M304)',954),('컴퓨터활용과세무','제1전공선택','회계학전공','4학년','손호철','목1~3(M306)\r',955),('컴퓨터활용및실습','기초교양필수','정보통신원','1학년','함채원, 홍영진','수2~3(M304)\r',956),('콘텐츠마케팅','제1전공선택','미디어기술콘텐츠학과','4학년','박성식','수8~10(BA203)\r',957),('테니스(초급)','자유선택교양','학부대학','전학년','이문진','목3~4(테니스장)\r',958),('텍스트로만나는동서사상','중핵교양필수','철학전공','전학년','신승환','금4~6(D303)\r',959),('통계학개론','전공기초','수학전공','전학년','박태준','월8~9(V213), 수8(V213)\r',960),('통신부호화이론','제1전공선택','정보통신전자공학부','4학년','최상호','화4~5(N309), 목4(N309)\r',961),('통신이론','제1전공선택','정보통신전자공학부','3학년','최상호','화1(D301), 목1~2(D301)\r',962),('투자론','제1전공선택','경영학전공','3학년','이재영','화4~5(N210), 목4(N210)\r',963),('특수교육과재활','전공기초','특수교육과','전학년','이상훈','화1~2(M413), 목3(M413)\r',964),('특수교육학개론','교직','교직과','2학년','장혜성','수8~9(M413)\r',965),('특수교육학개론','교직','교직과','2학년','황윤의','화7~8(M401)\r',966),('특수아동이해','제1전공선택','아동학전공','4학년','신유림','금3(N413), 수2~3(N413)\r',967),('파일처리','제1전공선택','컴퓨터정보공학부','3학년','황병연','수2~3(N218), 금3(N218)\r',968),('패션과문화','자유선택교양','의류학전공','전학년','전현실','금2~4(D236)\r',969),('패션과색채','제1전공선택','의류학전공','2학년','조정미','목1~4(D434)\r',970),('패션과색채','제1전공선택','의류학전공','2학년','조정미','월1~4(D434)\r',971),('패션과소비자행동','제1전공선택','의류학전공','2학년','유희','수1(M407), 금1~2(M407)\r',972),('패션드레이핑','제1전공선택','의류학전공','3학년','남영란','화1~4(D401)\r',973),('패션드레이핑','제1전공선택','의류학전공','3학년','유은주','월5~8(D442)\r',974),('패션비즈니스캡스톤디자인','제1전공선택','의류학전공','4학년','최선형','목1~4(M407)\r',975),('패션소재기획','제1전공선택','의류학전공','4학년','이정민','수6~8(BA106)\r',976),('패션스튜디오','제1전공선택','의류학전공','4학년','윤정아','수1~4(D442)\r',977),('패션스튜디오','제1전공선택','의류학전공','4학년','조정미','화1~4(D442)\r',978),('패션의이해','중핵교양필수','의류학전공','전학년','이경화','수2~3(M301), 금3(M301)\r',979),('패션일러스트레이션1','제1전공필수','의류학전공','2학년','김소영','목5~8(D434)\r',980),('패션일러스트레이션1','제1전공필수','의류학전공','2학년','최선형','월5~8(D434)\r',981),('패션일러스트레이션1','제1전공필수','의류학전공','2학년','최선형','화1~4(D434)\r',982),('패션일러스트레이션2','제1전공선택','의류학전공','3학년','김수경','수1~4(D435)\r',983),('패션정보분석','제1전공선택','의류학전공','3학년','최윤정','목2~4(M410)\r',984),('패턴인식및기계학습입문','제1전공선택','미디어기술콘텐츠학과','3학년','강행봉','목7~8(D540), 화7~8(D540)\r',985),('평생교육개론','평생교육','교직과','2학년','조현구','월7~9(M401)\r',986),('포도주와문화','자유선택교양','식품영양학전공','전학년','김윤희','목3~5(N110)\r',987),('푸가','제1전공선택','음악과','3학년','신혁진','수2~3(A104)\r',988),('프랑스문화의이해','자유선택교양','프랑스어문화학과','전학년','최윤주','월1~3(M301)\r',989),('프랑스산문읽기','제1전공선택','프랑스어문화학과','2학년','안보옥','월7(N410), 수6~7(N410)\r',990),('프랑스어1','중핵교양필수','프랑스어문화학과','전학년','김현주','화7~8(N103), 목7(N103)\r',991),('프랑스어1','중핵교양필수','프랑스어문화학과','전학년','최동신','화7~8(V205), 목7(V205)\r',992),('프랑스어1','중핵교양필수','프랑스어문화학과','전학년','황의조','화7~8(V207), 목7(V207)\r',993),('프랑스어강독','전공기초','프랑스어문화학과','전학년','방미경','월7(N112), 수6~7(N112)\r',994),('프랑스어문법1','제1전공필수','프랑스어문화학과','2학년','최동신','월8~9(N321), 수8(N321)\r',995),('프랑스어문장구조의이해','제1전공선택','프랑스어문화학과','4학년','박우성','화9(BA204), 목8~9(BA204)\r',996),('프랑스어작문1','제1전공선택','프랑스어문화학과','3학년','안토니 코레아','화1(N321), 목1~2(N321)\r',997),('프랑스어회화1','제1전공선택','프랑스어문화학과','3학년','안토니 코레아','수1(N320), 금1~2(N320)\r',998),('프랑스일상문화','제1전공선택','프랑스어문화학과','2학년','방미경','화6(N414), 목5~6(N414)\r',999),('프랑스지역문화연구','제1전공선택','프랑스어문화학과','4학년','방미경','화7~8(BA202), 목7(BA202)\r',1000),('프로그래밍및실습1','전공기초','정보통신전자공학부','전학년','함채원','금7~8(D503), 금5~6(N311)\r',1001),('프로그래밍및실습1','전공기초','정보통신전자공학부','전학년','홍영진','금3~4(D503), 금1~2(N311)\r',1002),('프로그래밍응용','제1전공선택','정보통신전자공학부','2학년','바실리','월4~5(D405), 금5~6(D405)\r',1003),('프로그래밍응용','제1전공선택','정보통신전자공학부','2학년','함채원','금3~4(BA203), 금1~2(D503)\r',1004),('피아노교수법1','제1전공선택','음악과','4학년','김은희','금1~2(A103)\r',1005),('피아노문헌1','제1전공선택','음악과','3학년','신효영','월5~6(A103)\r',1006),('학교현장실습(특수교육)','교직','교직과','4학년','장혜성','화4(M401)\r',1007),('학교현장실습1','교직','교직과','4학년','강숙희','금2(M401)\r',1008),('학교현장실습1','교직','교직과','4학년','강숙희','화9(M401)\r',1009),('학교현장실습2','교직','교직과','4학년','강숙희','금3()\r',1010),('학교현장실습2','교직','교직과','4학년','강숙희','화10()\r',1011),('학문,인간,윤리','중핵교양필수','철학전공','전학년','이은주','금5~7(N406)\r',1012),('학습장애아교육','제1전공선택','특수교육과','3학년','심성용','목7~9(N101)\r',1013),('한국가곡','제1전공선택','음악과','4학년','이춘혜, 송기창','화5(A203)\r',1014),('한국고대사1','제1전공선택','국사학전공','2학년','이순근','화2~3(N406), 목3(N406)\r',1015),('한국고대사주제탐구','제1전공선택','국사학전공','3학년','장미애','수1~3(BA202)\r',1016),('한국고전소설론','제1전공선택','국어국문학전공','3학년','강미선','화7~8(N307), 목7(N307)\r',1017),('한국고전작가론','제1전공선택','국어국문학전공','4학년','이택동','화7~8(N321), 목7(N321)\r',1018),('한국근대사','제1전공선택','국사학전공','2학년','정연태','화6(N321), 목5~6(N321)\r',1019),('한국근대사주제탐구','제1전공선택','국사학전공','3학년','이정선','월1~3(BA106)\r',1020),('한국근세사','제1전공선택','국사학전공','2학년','허태구','월6(N101), 수4~5(N101)\r',1021),('한국근현대사회의역사와문화','중핵교양필수','국사학전공','전학년','이경원','월4~5(V321), 금4(V321)\r',1022),('한국근현대사회의역사와문화','중핵교양필수','국사학전공','전학년','이경원','화4~5(N411), 목4(N411)\r',1023),('한국근현대사회의역사와문화','중핵교양필수','국사학전공','전학년','한모니까','목7~9(N218)\r',1024),('한국문학과대중문화','중핵교양필수','국어국문학전공','전학년','안용희','화9(N405), 목8~9(N405)\r',1025),('한국불교의역사와문화','제1전공선택','국사학전공','4학년','채웅석','월7(N309), 수6~7(N309)\r',1026),('한국사기초사료읽기','제1전공필수','국사학전공','2학년','이순근','화1(N415), 목1~2(N415)\r',1027),('한국사기초사료읽기','제1전공필수','국사학전공','2학년','채웅석','화1(N319), 목1~2(N319)\r',1028),('한국사학입문','전공기초','국사학전공','1학년','정연태','월7(N407), 수6~7(N407)\r',1029),('한국사회문제','제1전공선택','사회학전공','2학년','이시재','목4~6(V212)\r',1030),('한국어교수법','제1전공선택','한국어교육융복합전공','2학년','구민지','목7~9(G109)\r',1031),('한국어사','제1전공선택','국어국문학전공','4학년','배주채','화6(N319), 목5~6(N319)\r',1032),('한국어와대중문화','중핵교양필수','국어국문학전공','전학년','정선희','목8~9(N213), 화9(N213)\r',1033),('한국어와대중문화','중핵교양필수','국어국문학전공','전학년','정선희','화4~5(N308), 목4(N308)\r',1034),('한국어와외국어','제1전공선택','국어국문학전공','3학년','정연주','수1~3(N112)\r',1035),('한국어의미론','제1전공선택','국어국문학전공','3학년','이지양','화2~3(N309), 목3(N309)\r',1036),('한국어평가론','제1전공선택','한국어교육융복합전공','4학년','김원경','화7~9(BA107)\r',1037),('한국어학강독','제1전공선택','국어국문학전공','2학년','오민석','수8~10(N407)\r',1038),('한국어학개론','제1전공선택','국어국문학전공','2학년','배주채','월7(N409), 수6~7(N409)\r',1039),('한국언어문학콘텐츠종합설계','제1전공선택','국어국문학전공','4학년','이택동, 김지연','월9~11(N408)\r',1040),('한국역사법정','제1전공선택','국사학전공','4학년','장미애, 이경원, 김창회, 이승민','목7~9(IH356)\r',1041),('한국역사와국제관계','제1전공선택','국사학전공','3학년','허태구','화4~5(N407), 목4(N407)\r',1042),('한국예술사','제1전공선택','국사학전공','4학년','한혜선','월6(V208), 수4~5(V208)\r',1043),('한국의문화와종교','제1전공선택','종교학과','4학년','강영옥','월4~6(G110)\r',1044),('한국의복구성','제1전공선택','의류학전공','3학년','이영혜','수5~8(D442)\r',1045),('한국의역사와전통문화1','자유선택교양','국사학전공','전학년','이유진','목7~9(BA106)\r',1046),('한국인의집과공간문화','중핵교양필수','소비자주거학전공','전학년','배창현','목2~4(M213)\r',1047),('한국적경영학','제1전공선택','경영학전공','4학년','김기찬, 이성상','화2~3(N408), 목3(N408)\r',1048),('한국전통사회의역사와문화','중핵교양필수','국사학전공','전학년','강재구','월4~5(N213), 금4(N213)\r',1049),('한국전통사회의역사와문화','중핵교양필수','국사학전공','전학년','김창회','화6(N218), 목5~6(N218)\r',1050),('한국전통사회의역사와문화','중핵교양필수','국사학전공','전학년','장미애','화4~5(N218), 목4(N218)\r',1051),('한국전통의상','제1전공선택','의류학전공','4학년','김은정','금1~4(D442)\r',1052),('한국정부론','제1전공선택','행정학전공','2학년','이종원','화2~3(N319), 목3(N319)\r',1053),('한국한문학론','제1전공선택','국어국문학전공','3학년','이택동','월6(N320), 수4~5(N320)\r',1054),('한국현대문학개론','제1전공선택','국어국문학전공','2학년','홍기돈','월6(N311), 수4~5(N311)\r',1055),('한국현대문학비평론','제1전공선택','국어국문학전공','3학년','홍기돈','화6(V206), 목5~6(V206)\r',1056),('한국현대소설강독','제1전공선택','국어국문학전공','2학년','안용희','금4(M302), 월4~5(M302)\r',1057),('한국현대소설론','제1전공선택','국어국문학전공','3학년','안용희','월7(M402), 수6~7(M402)\r',1058),('한국현대시론','제1전공선택','국어국문학전공','3학년','김지연','화4~5(M301), 목4(M301)\r',1059),('한국희곡론','제1전공선택','국어국문학전공','2학년','이영석','월8~10(N412)\r',1060),('한문1','중핵교양필수','중국언어문화전공','전학년','맹영한','화4~5(BA304), 목4(BA304)\r',1061),('한문1','중핵교양필수','중국언어문화전공','전학년','지신호','목7~9(BA304)\r',1062),('한문강독1','제1전공선택','중국언어문화전공','2학년','한혜경','화6(N311), 목5~6(N311)\r',1063),('한약제제학','제1전공선택','약학과','5학년','윤기동','금2~3(NP111)\r',1064),('한일문화의이해','자유선택교양','일어일본문화전공','전학년','최창완','화6(N310), 목5~6(N310)\r',1065),('합주1','제1전공선택','음악과','1학년','안동호','수4~5(A334), 목5~6()\r',1066),('합주3','제1전공선택','음악과','2학년','안동호','목5~6(A334), 수4~5()\r',1067),('합주5','제1전공선택','음악과','3학년','안동호','수4~5(), 목5~6()\r',1068),('합주7','제1전공선택','음악과','4학년','안동호','수4~5(), 목5~6()\r',1069),('합창1','제1전공선택','음악과','1학년','주성렬','월7~8()\r',1070),('합창3','제1전공선택','음악과','2학년','주성렬','월7~8()\r',1071),('합창5','제1전공선택','음악과','3학년','주성렬','월7~8()\r',1072),('해부생리학','제1전공필수','약학과','3학년','최진성','화6(NP106), 수5~6(NP106)\r',1073),('해석학개론1','제1전공필수','수학전공','2학년','김성훈','화7~8(N301), 목7~8(N301)\r',1074),('해양생물학','제1전공선택','생명과학전공','4학년','윤숙경','화4~6(M211)\r',1075),('행동수정','제1전공선택','특수교육과','2학년','이상훈','월1(M413), 수1~2(M413)\r',1076),('행정논리와사례분석','제1전공선택','행정학전공','3학년','박석희','월8~9(V206), 수8(V206)\r',1077),('행정법1','제1전공선택','행정학전공','3학년','송귀종','목8~10(N311)\r',1078),('행정쟁송법','제1전공선택','법학전공','4학년','정주영','목10~12(N406)\r',1079),('행정조직법','제1전공선택','법학전공','3학년','최윤영','수10~12(N406)\r',1080),('행정학개론','전공기초','행정학전공','전학년','이선영','금5~7(N103)\r',1081),('행정학개론','전공기초','행정학전공','전학년','정종원','수6~7(N308), 월7(N308)\r',1082),('행정학캡스톤디자인','제1전공선택','행정학전공','3학년','정종원, 이선영','수9~11(N320)\r',1083),('행정학특강1','제1전공선택','행정학전공','3학년','채원호','월6(N413), 수4~5(N413)\r',1084),('헌법1','제1전공선택','행정학전공','2학년','정승재','월2~4(N210)\r',1085),('헌법연습','제1전공선택','법학전공','4학년','이세주','화9(V207), 목8~9(V207)\r',1086),('헌법총론','제1전공필수','법학전공','2학년','이세주','목3(N208), 화2~3(N208)\r',1087),('현대가곡','제1전공선택','음악과','4학년','이춘혜, 송기창, 김성미','화6(A203)\r',1088),('현대대수학1','제1전공선택','수학전공','3학년','권성화','월3(D510), 수2~3(D510)\r',1089),('현대물리학','제1전공선택','물리학전공','2학년','마크앤클리프','월4~5(V206), 금4(V206)\r',1090),('현대사회론','제1전공선택','사회학전공','4학년','이기웅','월1(BA104), 금1~2(BA104)\r',1091),('현대사회에서의하느님이해','제1전공선택','종교학과','4학년','김정은','화4~6(M212)\r',1092),('현대사회와윤리적문제들','중핵교양필수','철학전공','전학년','우환식','월6~8(M406)\r',1093),('현대사회의건강문제','제1전공선택','사회학전공','3학년','신희주','화2~3(D234), 목3(D234)\r',1094),('현대사회의성과문화','중핵교양필수','사회학전공','전학년','김순남','월3~5(G104)\r',1095),('현대사회의성과문화','중핵교양필수','사회학전공','전학년','김순남','화3~5(N212)\r',1096),('현대사회의성과문화','중핵교양필수','사회학전공','전학년','전희경','수4~6(IH260)\r',1097),('현대사회의성과문화','중핵교양필수','사회학전공','전학년','전희경','수8~10(V104)\r',1098),('현대영미소설','제1전공선택','영미언어문화학부','3학년','박주식','화7~8(IH262), 목7(IH262)\r',1099),('현대영미철학','제1전공선택','철학전공','4학년','김광식','월7~9(M410)\r',1100),('현대영어','중핵교양필수','영미언어문화학부','전학년','전종일','월4~5(IH360), 금4(IH360)\r',1101),('현대영어','중핵교양필수','영미언어문화학부','전학년','전종일','월6(IH338), 수4~5(IH338)\r',1102),('현대음악1','제1전공선택','음악과','3학년','한옥미','화2~3(A202)\r',1103),('현대중국어개론','제1전공선택','중국언어문화전공','3학년','신주현','화6(V214), 목5~6(V214)\r',1104),('현악합주1','제1전공선택','음악과','3학년','나은아','금8~9(A334)\r',1105),('현악합주3','제1전공선택','음악과','4학년','나은아','금8~9()\r',1106),('형법총론','제1전공필수','법학전공','2학년','김용수','월8(N110), 금5~6(N110)\r',1107),('형사법연습','제1전공선택','법학전공','4학년','김용수','월4~5(V105), 금4(V105)\r',1108),('화성학','제1전공선택','음악과','2학년','이시현','목3~4(A201)\r',1109),('화학계산','제1전공선택','화학전공','2학년','김중한','월6(N212), 수4~5(N212)\r',1110),('화학교과교육론','제1전공선택','화학전공','3학년','신유주','금5~7(N408)\r',1111),('확률론및연습','제1전공선택','수학전공','3학년','전인태','월6~7(D236), 수6~7(D236)\r',1112),('환경,NGO,인권과국제정치','제1전공선택','국제학부','4학년','예종영','화6~8(G109)\r',1113),('환경공학개론','전공기초','환경공학전공','전학년','정명희','수2~3(N411), 금3(N411)\r',1114),('환경공학개론','전공기초','환경공학전공','전학년','한기봉','수2~3(V321), 금3(V321)\r',1115),('환경공학캡스톤디자인','제1전공선택','환경공학전공','3학년','한기봉','화9~10(V214), 목9~10(V214)\r',1116),('환경교과교육론','제1전공선택','환경공학전공','3학년','김영준','월8~9(N414), 수8(N414)\r',1117),('환경독성학및실습','제1전공선택','환경공학전공','3학년','김영준','수5(M307), 수6~7(D708), 월6~7(M407)\r',1118),('환경미생물학및실험','제1전공선택','환경공학전공','2학년','김영준','화5~6(V212), 목4~6(D706)\r',1119),('환경생명공학','제1전공선택','환경공학전공','4학년','정명희','화7~9(V213)\r',1120),('환경시스템공학','제1전공선택','환경공학전공','4학년','안세영','금5~7(N413)\r',1121),('환경양론','제1전공선택','환경공학전공','2학년','위정호','수2~3(N101), 금3(N101)\r',1122),('환경에너지공학및실습','제1전공선택','환경공학전공','3학년','위정호','화5~6(M401), 목5~6(M401)\r',1123),('환경위해성평가','제1전공선택','환경공학전공','4학년','정명희','화1~3(V214)\r',1124),('환경이슈및특수연구I','제1전공선택','환경공학전공','4학년','한기봉','월4~5(N320), 금4(N320)\r',1125),('환경화학및실험','제1전공선택','환경공학전공','2학년','유선정','수4~5(D236), 월4~5(N410), 월6(D706)\r',1126),('회계와공학의만남','중핵교양필수','회계학전공','전학년','안성윤','월4~5(M306), 금4(M306)\r',1127),('회계학원론','전공기초','회계학전공','전학년','안성윤','수1(N308), 금1~2(N308)\r',1128),('회계학원론','전공기초','회계학전공','전학년','안성희','수6~7(N405), 월7(N405)\r',1129),('회계학원론','전공기초','회계학전공','전학년','이세용','월7(N213), 수6~7(N213)\r',1130),('회로이론및실험','제1전공선택','정보통신전자공학부','2학년','박태근','수5~8(M213)\r',1131),('회로이론및실험','제1전공선택','정보통신전자공학부','2학년','박태근','화2~3(N307), 목2~3(N307)\r',1132),('﻿경영학원론','전공기초','경영학전공','전학년','성재열','월7(V321), 수6~7(V321)\r',1133);
/*!40000 ALTER TABLE `lectureinfo` ENABLE KEYS */;
UNLOCK TABLES;
/*!40103 SET TIME_ZONE=@OLD_TIME_ZONE */;

/*!40101 SET SQL_MODE=@OLD_SQL_MODE */;
/*!40014 SET FOREIGN_KEY_CHECKS=@OLD_FOREIGN_KEY_CHECKS */;
/*!40014 SET UNIQUE_CHECKS=@OLD_UNIQUE_CHECKS */;
/*!40101 SET CHARACTER_SET_CLIENT=@OLD_CHARACTER_SET_CLIENT */;
/*!40101 SET CHARACTER_SET_RESULTS=@OLD_CHARACTER_SET_RESULTS */;
/*!40101 SET COLLATION_CONNECTION=@OLD_COLLATION_CONNECTION */;
/*!40111 SET SQL_NOTES=@OLD_SQL_NOTES */;

-- Dump completed on 2017-06-14 13:44:19
